분류,K-RMF,K-RMF 보안통제항목,NIST SP 800-53 Rev.4,NIST SP 800-53 Rev.5,ISO/IEC 15408 Functional Requirements,KCMVP,CMMC CUI Requirement(Level 2)
Security Control,AC-1,계정관리,AC-2,AC-2,FIA_ATD.1,,03.01.01
Enhancement,AC-1-1,계정관리 | 계정관리 자동화,AC-2(1),AC-2(1),,,
Enhancement,AC-1-2,계정관리 | 계정 감사 자동화,AC-2(4),AC-2(4),,,
Enhancement,AC-1-3,계정관리 | 계정 모니터링(비정상적인 사용),AC-2(12),AC-2(12),FAU_SAA.2,,
Enhancement,AC-1-4,계정관리 | 임시 / 비상계정 삭제,AC-2(2),AC-2(2),,,
Enhancement,AC-1-5,계정관리 | 미사용 계정 비활성화/삭제,AC-2(3),AC-2(3),,,03.01.01
Enhancement,AC-1-6,계정관리 | 계정 로그아웃 요구,AC-2(5),AC-2(5),,,03.01.01
Enhancement,AC-1-7,계정관리 | 고위험 인원에 대한 계정 비활성화,AC-2(13),AC-2(13),,,03.01.01
Enhancement,AC-1-8,계정관리 | 동적 특별권한 관리,AC-2(6),AC-2(6),FTA_LSA.1,,
Enhancement,AC-1-9,계정관리 | 동적 계정 생성,AC-2(8),AC-2(8),,,
Enhancement,AC-1-10,계정관리 | 역할기반 특별권한 설정,AC-2(7),AC-2(7),"FMT_SMR.1, FMT_SMR.2",,
Enhancement,AC-1-11,계정관리 | 공유/그룹 계정 사용 제한,AC-2(9),AC-2(9),,,
Enhancement,AC-1-12,계정관리 | 공유/그룹 계정 자격증명 종료,AC-2(10),AC-2,FIA_ATD.1,,03.01.01
Enhancement,AC-1-13,계정관리 | 사용조건,AC-2(11),AC-2(11),"FTA_LSA.1, FTA_TSE.1",,
Security Control,AC-2,접근통제 시행,AC-3,AC-3,"FDP_ACC.1, FDP_ACC.2, FDP_ACF.1, FDP_IFC.1, FDP_IFC.2, FDP_IFF.1, FDP_IFF.2",,03.01.02
Enhancement,AC-2-1,접근통제 시행 | 강제적 접근통제(MAC),AC-3(3),AC-3(3),"FDP_ACC.1, FDP_ACC.2, FDP_ACF.1, FDP_IFC.1, FDP_IFC.2, FDP_IFF.1, FDP_IFF.2",,
Enhancement,AC-2-2,접근통제 시행 | 임의적 접근통제(DAC),AC-3(4),AC-3(4),"FDP_ACC.1, FDP_ACC.2, FDP_ACF.1",,
Enhancement,AC-2-3,접근통제 시행 | 역할기반 접근통제(RBAC),AC-3(7),AC-3(7),"FDP_ACC.1, FDP_ACC.2, FDP_ACF.1, FMT_MOF.1, FMT_MTD.1, FMT_MTD.2, FMT_REV.1, FMT_SAE.1, FMT_SMR.1, FMT_SMR.2",,
Enhancement,AC-2-4,접근통제 시행 | 이중인가,AC-3(2),AC-3(2),,,
Enhancement,AC-2-5,접근통제 시행 | 보안과 관련한 정보,AC-3(5),AC-3(5),,,
Enhancement,AC-2-6,접근통제 시행 | 접근권한 변경 시기,AC-3(8),AC-3(8),FMT_REV.1,,
Enhancement,AC-2-7,접근통제 시행 | 외부 정보공개 통제,AC-3(9),AC-3(9),,,
Enhancement,AC-2-8,접근통제 시행 | 접근통제 메커니즘의 재정의,AC-3(10),AC-3(10),,,
Security Control,AC-3,정보흐름 통제,AC-4,AC-4,"FDP_IFC.1, FDP_IFC.2, FDP_IFF.1",,03.01.03
Enhancement,AC-3-1,정보흐름 통제 | 객체 보안속성,AC-4(1),AC-4(1),"FDP_IFC.1, FDP_IFF.1, FDP_IFF.2",,
Enhancement,AC-3-2,정보흐름 통제 | 프로세싱 도메인,AC-4(2),AC-4(2),FDP_IFF.1,,
Enhancement,AC-3-3,정보흐름 통제 | 동적 정보흐름 통제,AC-4(3),AC-4(3),,,
Enhancement,AC-3-4,정보흐름 통제 | 암호화된 정보의 내용 확인,AC-4(4),AC-4(4),,,
Enhancement,AC-3-5,정보흐름 통제 | 데이터 내부에 다른 종류의 데이터 삽입 통제,AC-4(5),AC-4(5),,,
Enhancement,AC-3-6,정보흐름 통제 | 메타데이터,AC-4(6),AC-4(6),,,
Enhancement,AC-3-7,정보흐름 통제 | 하드웨어를 사용한 방향 흐름 통제,AC-4(7),AC-4(7),FDP_IFF.1,,
Enhancement,AC-3-8,정보흐름 통제 | 사람에 의한 검토,AC-4(9),AC-4(9),FDP_ITC.1,,
Enhancement,AC-3-9,정보흐름 통제 | 보안 필터링 규칙,AC-4(8),AC-4(8),,,
Enhancement,AC-3-10,정보흐름 통제 | 보안 정책 필터 활성화 / 비활성화,AC-4(10),AC-4(10),,,
Enhancement,AC-3-11,정보흐름 통제 | 보안정책 필터 설정,AC-4(11),AC-4(11),,,
Enhancement,AC-3-12,정보흐름 통제 | 데이터 유형 식별자,AC-4(12),AC-4(12),FDP_ITC.1,,
Enhancement,AC-3-13,정보흐름 통제 | 보안정책 관련 정보 세분화,AC-4(13),AC-4(13),,,
Enhancement,AC-3-14,정보흐름 통제 | 데이터 구조 / 내용에 의한 전송 통제,AC-4(14),AC-4(14),,,
Enhancement,AC-3-15,정보흐름 통제 | 승인되지 않은 정보의 탐지 및 차단,AC-4(15),AC-4(15),,,
Enhancement,AC-3-16,정보흐름 통제 | 도메인 인증,AC-4(17),AC-4(17),,,
Enhancement,AC-3-17,정보흐름 통제 | 보안속성 결합,AC-4(18),AC-16,"FDP_ETC.2, FDP_IFF.1, FDP_IFF.2, FDP_ITC.2, FMT_MSA.2",,
Enhancement,AC-3-18,정보흐름 통제 | 메타데이터 검증,AC-4(19),AC-4(19),,,
Enhancement,AC-3-19,정보흐름 통제 | 승인된 솔루션의 사용,AC-4(20),AC-4(20),,,
Enhancement,AC-3-20,정보흐름 통제 | 정보 유형의 물리적ㆍ논리적 분리,AC-4(21),AC-4(21),"FDP_ITT.2, FDP_ITT.4, FPT_ITT.2",,
Enhancement,AC-3-21,정보흐름 통제 | 접근만 허용,AC-4(22),AC-4(22),,,
Security Control,AC-4,접근통제 결정,AC-24,AC-24,,,
Enhancement,AC-4-1,접근통제 결정 | 접근권한 정보 전송,AC-24(1),AC-24(1),,,
Enhancement,AC-4-2,접근통제 결정 | 사용자신원 정보 제외,AC-24(2),AC-24(2),,,
Security Control,AC-5,직무분리,AC-5,AC-5,"FMT_SMR.1, FMT_SMR.2",,03.01.04
Security Control,AC-6,최소권한,AC-6,AC-6,"FMT_MOF.1, FMT_MSA.1, FMT_MTD.1, FMT_MTD.2, FMT_REV.1, FMT_SAE.1, FMT_SMR.1, FMT_SMR.2",,"03.01.05, 03.01.06, 03.01.07"
Enhancement,AC-6-1,최소권한 | 보안기능 및 보안 관련 정보 권한부여,AC-6(1),AC-6(1),"FMT_MOF.1, FMT_MSA.1, FMT_MTD.1, FMT_MTD.2, FMT_REV.1, FMT_SAE.1, FMT_SMR.3",,03.01.05
Enhancement,AC-6-2,최소권한 | 특별권한이 없는 사용자의 특별권한 기능 실행 금지,AC-6(10),AC-6(10),,,03.01.07
Enhancement,AC-6-3,최소권한 | 특별권한 계정,AC-6(5),AC-6(5),FDP_ETC.2,,03.01.06
Enhancement,AC-6-4,최소권한 | 처리 도메인 분리,AC-6(4),AC-6(4),,,
Enhancement,AC-6-5,최소권한 | 조직 외 사용자의 특별권한 접근통제,AC-6(6),AC-6(6),,,
Enhancement,AC-6-6,최소권한 | 특별권한 계정의 일반용도 사용통제,AC-6(2),AC-6(2),FMT_SMR.3,,03.01.06
Enhancement,AC-6-7,최소권한 | 네트워크 접속을 통한 특별권한 명령 허용,AC-6(3),AC-6(3),,,
Enhancement,AC-6-8,최소권한 | 사용자 특별권한 검토,AC-6(7),AC-6(7),,,03.01.05
Enhancement,AC-6-9,최소권한 | 특별권한 수준의 소프트웨어 실행,AC-6(8),AC-6(8),,,
Enhancement,AC-6-10,최소권한 | 특별권한 기능 실행 감사,AC-6(9),AC-6(9),,,03.01.07
Security Control,AC-7,로그인 시도 실패,AC-7,AC-7,FIA_AFL.1,,03.01.08
Enhancement,AC-7-1,로그인 시도 실패 | 모바일 장치 정보 삭제,AC-7(2),AC-7(2),,,
Security Control,AC-8,시스템 사용 공지,AC-8,AC-8,FTA_TAB.1,,03.01.09
Security Control,AC-9,이전 로그인 공지,AC-9,AC-9,FTA_TAH.1,,
Enhancement,AC-9-1,이전 로그인 공지 | 로그인 실패,AC-9(1),AC-9(1),FTA_TAH.1,,
Enhancement,AC-9-2,이전 로그인 공지 | 로그인 성공 / 실패,AC-9(2),AC-9(2),,,
Enhancement,AC-9-3,이전 로그인 공지 | 계정변경 알림,AC-9(3),AC-9(3),,,
Enhancement,AC-9-4,이전 로그인 공지 | 추가 로그인 정보,AC-9(4),AC-9(4),,,
Security Control,AC-10,동시 세션 통제,AC-10,AC-10,"FTA_MCS.1, FTA_MCS.2",,
Security Control,AC-11,세션 잠금,AC-11,AC-11,"FTA_SSL.1, FTA_SSL.2",,03.01.10
Enhancement,AC-11-1,세션 잠금 | 화면보호용 이미지,AC-11(1),AC-11(1),"FTA_SSL.1, FTA_SSL.2",,03.01.10
Security Control,AC-12,세션 종료,AC-12,AC-12,FTA_SSL.3,,03.01.11
Enhancement,AC-12-1,세션 종료 | 사용자 통신세션 종료 및 메시지 표시,AC-12(1),"AC-12(1), AC-12(2)",FTA_SSL.4,,
Security Control,AC-13,식별 및 인증이 요구되지 않는 기능 및 활동,AC-14,AC-14,"FIA_UAU.1, FIA_UAU.2, FIA_UID.1, FIA_UID.2",,
Security Control,AC-14,보안속성,AC-16,AC-16,"FDP_ETC.2, FDP_IFF.1, FDP_IFF.2, FDP_ITC.2, FMT_MSA.2",,
Enhancement,AC-14-1,보안속성 | 보안속성 동적 연결,AC-16(1),AC-16(1),,,
Enhancement,AC-14-2,보안속성 | 인가받은 사용자의 보안속성값 변경,AC-16(2),AC-16(2),FMT_MSA.1,,
Enhancement,AC-14-3,보안속성 | 인가받은 사용자의 보안속성 연결 지원,AC-16(4),AC-16(4),FMT_MSA.1,,
Enhancement,AC-14-4,보안속성 | 시스템에 의한 보안속성 연결 유지,AC-16(3),AC-16(3),FIA_USB.1,,
Enhancement,AC-14-5,보안속성 | 출력장치에 보안속성 표시,AC-16(5),AC-16(5),FDP_ETC.2,,
Enhancement,AC-14-6,보안속성 | 조직에 의한 보안속성 연결 유지,AC-16(6),AC-16(6),,,
Enhancement,AC-14-7,보안속성 | 일관성 있는 보안속성 해석,AC-16(7),AC-16(7),FPT_TDC.1,,
Enhancement,AC-14-8,보안속성 | 연결 기술,AC-16(8),AC-16(8),FPT_TDC.1,,
Enhancement,AC-14-9,보안속성 | 속성 재할당,AC-16(9),AC-16(9),,,
Enhancement,AC-14-1,보안속성 | 인가받은 사용자의 보안속성 유형 및 값 변경,AC-16(10),AC-16(10),FMT_MSA.1,,
Security Control,AC-15,원격접속,AC-17,AC-17,,,03.01.12
Enhancement,AC-15-1,원격접속 | 원격접속 모니터링 및 통제,AC-17(1),AC-17(1),,,
Enhancement,AC-15-2,원격접속 | 암호화를 통한 기밀성과 무결성 보호,AC-17(2),AC-17(2),,,
Enhancement,AC-15-3,원격접속 | 접근통제 지점 관리,AC-17(3),AC-17(3),,,03.01.12
Enhancement,AC-15-4,원격접속 | 특별권한 명령 / 접근,AC-17(4),AC-17(4),,,03.01.12
Enhancement,AC-15-5,원격접속 | 원격접속 관련 정보보호,AC-17(6),AC-17(6),,,
Enhancement,AC-15-6,원격접속 | 연결종료 / 접속 비활성화,AC-17(9),AC-17(9),,,
Security Control,AC-16,무선접속,AC-18,AC-18,,,03.01.16
Enhancement,AC-16-1,무선접속 | 인증 및 암호화,AC-18(1),AC-18(1),,,03.01.16
Enhancement,AC-16-2,무선접속 | 무선 네트워크 비활성화,AC-18(3),AC-18(3),,,03.01.16
Enhancement,AC-16-3,무선접속 | 네트워크 기능 설정 제한,AC-18(4),AC-18(4),,,
Enhancement,AC-16-4,무선접속 | 무선 송수신 신호보호,AC-18(5),AC-18(5),,,
Security Control,AC-17,모바일 장치 접근통제,AC-19,AC-19,,,03.01.18
Enhancement,AC-17-1,모바일 장치 접근통제 | 비밀 시스템 사용 제한,AC-19(4),AC-19(4),,,
Enhancement,AC-17-2,모바일 장치 접근통제 | 모바일 장치 암호화 기술,AC-19(5),AC-19(5),,,03.01.18
Security Control,AC-18,인가범위 외 시스템 사용,AC-20,AC-20,,,03.01.20
Enhancement,AC-18-1,인가범위 외 시스템 사용 | 인가범위 외 시스템 사용조건,AC-20(1),AC-20(1),,,03.01.20
Enhancement,AC-18-2,인가범위 외 시스템 사용 | 휴대용 저장장치,AC-20(2),AC-20(2),,,03.01.20
Enhancement,AC-18-3,"인가범위 외 시스템 사용 | 조직 외 시스템, 시스템 구성요소, 장치 사용 통제",AC-20(3),AC-20(3),,,
Enhancement,AC-18-4,인가범위 외 시스템 사용 | 네트워크 접속 가능한 저장 장치,AC-20(4),AC-20(4),,,
Security Control,AC-19,정보 공유,AC-21,AC-21,,,
Enhancement,AC-19-1,정보 공유 | 결정 지원 자동화,AC-21(1),AC-21(1),,,
Enhancement,AC-19-2,정보 공유 | 정보 검색,AC-21(2),AC-21(2),,,
Security Control,AC-20,정보공개,AC-22,AC-22,,,03.01.22
Security Control,AC-21,데이터 마이닝 보호,AC-23,AC-23,,,
Security Control,AC-22,참조 모니터,AC-25,AC-25,"ADV_ARC.1
EAL2~7, ADV_INT.3
EAL6,7",,
Security Control,AT-1,보안인식 교육ㆍ훈련,AT-2,AT-2,,,03.02.01
Enhancement,AT-1-1,보안인식 교육ㆍ훈련 | 실습 훈련,AT-2(1),AT-2(1),,,
Enhancement,AT-1-2,보안인식 교육ㆍ훈련 | 내부자 위협,AT-2(2),AT-2(2),,,03.02.01
Security Control,AT-2,직책 기반 보안 교육ㆍ훈련,AT-3,AT-3,,,03.02.02
Enhancement,AT-2-1,직책 기반 보안 교육ㆍ훈련 | 환경적 통제,AT-3(1),AT-3(1),,,
Enhancement,AT-2-2,직책 기반 보안 교육ㆍ훈련 | 물리적 보안 통제,AT-3(2),AT-3(2),,,
Enhancement,AT-2-3,직책 기반 보안 교육ㆍ훈련 | 실습 훈련,AT-3(3),AT-3(3),,,
Enhancement,AT-2-4,직책 기반 보안 교육ㆍ훈련 | 의심스러운 통신 및 비정상적인 시스템 행위,AT-2(4),AT-2(4),,,
Security Control,AT-3,보안 교육ㆍ훈련 기록 유지,AT-4,AT-4,,,
Security Control,AU-1,감사 이벤트,AU-2,AU-2,FAU_GEN.1,,03.03.01
Enhancement,AU-1-1,감사 이벤트 | 검토 및 이벤트,AU-2(3),AU-2,FAU_GEN.1,,03.03.01
Security Control,AU-2,감사 처리 장애 시 대응,AU-5,AU-5,"FAU_ARP.1, FAU_STG.3, FAU_STG.4",,03.03.04
Enhancement,AU-2-1,감사 처리 장애 시 대응 | 감사 저장 용량,AU-5(1),AU-5(1),"FAU_ARP.1, FAU_STG.3",,
Enhancement,AU-2-2,감사 처리 장애 시 대응 | 실시간 경보,AU-5(2),AU-5(2),"FAU_ARP.1, FAU_STG.3, FAU_STG.4",,
Enhancement,AU-2-3,감사 처리 장애 시 대응 | 트래픽 임계값 설정,AU-5(3),AU-5(3),FAU_ARP.1,,
Enhancement,AU-2-4,감사 처리 장애 시 대응 | 장애 시 종료,AU-5(4),AU-5(4),"FAU_ARP.1, FAU_STG.3, FAU_STG.4",,
Security Control,AU-3,대체 감사 역량,AU-15,AU-5(5),"FRU_FLT.1, FRU_FLT.2",,
Security Control,AU-4,감사기록 내용,AU-3,AU-3,"FAU_GEN.1, FAU_GEN.2",,03.03.02
Enhancement,AU-4-1,감사기록 내용 | 추가 감사 정보,AU-3(1),AU-3(1),FAU_GEN.1,,03.03.02
Enhancement,AU-4-2,감사기록 내용 | 중앙 관리,AU-3(2),PL-9,,,
Security Control,AU-5,타임스탬프(TIME STAMPS),AU-8,AU-8,FPT_STM.1,,03.03.07
Enhancement,AU-5-1,타임스탬프 | 신뢰할 수 있는 시간 출처(Source) 동기화,AU-8(1),SC-45(1),,,
Enhancement,AU-5-2,타임스탬프 | 보조 시간 출처(Source),AU-8(2),SC-45(2),,,
Security Control,AU-6,감사정보 보호,AU-9,AU-9,"FAU_STG.1, FAU_STG.2",,"03.01.05, 03.03.08"
Enhancement,AU-6-1,감사정보 보호 | 수정불가 저장매체에 기록,AU-9(1),AU-9(1),,,
Enhancement,AU-6-2,감사정보 보호 | 별도의 시스템/구성요소에 감사기록 백업,AU-9(2),AU-9(2),,,
Enhancement,AU-6-3,감사정보 보호 | 암호기술을 통한 보호,AU-9(3),AU-9(3),,Implement cryptographic mechanisms to protect the integrity of audit information and audit tools.,
Enhancement,AU-6-4,감사정보 보호 | 특별권한 사용자 중 최소 인원만 접근인가,AU-9(4),AU-9(4),FMT_MTD.1,,"03.01.05, 03.03.08"
Enhancement,AU-6-5,감사정보 보호 | 이중인가,AU-9(5),AU-9(5),,,
Enhancement,AU-6-6,감사정보 보호 | 읽기만 허용(read-only)한 접속,AU-9(6),AU-9(6),FAU_SAR.2,,
Security Control,AU-7,감사 저장 용량,AU-4,AU-4,FAU_STG.4,,
Enhancement,AU-7-1,감사 저장 용량 | 대체 저장소로 이동,AU-4(1),AU-4(1),,,
Security Control,AU-8,감사기록 검토·분석·보고,AU-6,AU-6,,,03.03.05
Enhancement,AU-8-1,감사기록 검토·분석·보고 | 절차 통합,AU-6(1),AU-6(1),,,
Enhancement,AU-8-2,감사기록 검토·분석·보고 | 중앙 검토 및 분석,AU-6(4),AU-6(4),,,
Enhancement,AU-8-3,감사기록 검토·분석·보고 | 감사 저장소 상호연계,AU-6(3),AU-6(3),,,03.03.05
Enhancement,AU-8-4,감사기록 검토·분석·보고 | 분석 통합,AU-6(5),AU-6(5),,,
Enhancement,AU-8-5,감사기록 검토·분석·보고 | 비기술적 출처정보와의 상호연계,AU-6(9),AU-6(9),,,
Enhancement,AU-8-6,감사기록 검토·분석·보고 | 물리적 모니터링 정보와 상호연계,AU-6(6),AU-6(6),,,
Enhancement,AU-8-7,감사기록 검토·분석·보고 | 허용된 활동,AU-6(7),AU-6(7),FMT_MTD.1,,
Enhancement,AU-8-8,감사기록 검토·분석·보고 | 특별권한 명령어 분석,AU-6(8),AU-6(8),,,
Enhancement,AU-8-9,감사기록 검토·분석·보고 | 감사 단계(레벨) 조정,AU-6(10),AU-6,,,03.03.05
Security Control,AU-9,감사기록 필터링 및 보고서 생성,AU-7,AU-7,"FAU_SAR.1, FAU_SAR.3",,03.03.06
Enhancement,AU-9-1,감사기록 필터링 및 보고서 생성 | 처리 자동화,AU-7(1),AU-7(1),FAU_SAR.3,,
Enhancement,AU-9-2,감사기록 필터링 및 보고서 생성 | 분류 및 검색 자동화,AU-7(2),AU-7(1),FAU_SAR.3,,
Security Control,AU-10,감사 생성,AU-12,AU-12,"FAU_GEN.1, FAU_SEL.1",,03.03.03
Enhancement,AU-10-1,감사 생성 | 시간별 감사추적 자료,AU-12(1),AU-12(1),,,
Enhancement,AU-10-2,감사 생성 | 표준 형식,AU-12(2),AU-12(2),,,
Enhancement,AU-10-3,감사 생성 | 인가자에 의한 변경,AU-12(3),AU-12(3),,,
Security Control,AU-11,부인방지,AU-10,AU-10,"FCO_NRO.1, FCO_NRO.2, FCO_NRR.1, FCO_NRR.2",,
Enhancement,AU-11-1,부인방지 | 신원정보와 결합,AU-10(1),AU-10(1),"FCO_NRO.1, FCO_NRO.2, FCO_NRR.1, FCO_NRR.2",,
Enhancement,AU-11-2,부인방지 | 정보제공자 신원정보 결합 검사,AU-10(2),AU-10(2),"FCO_NRO.1, FCO_NRO.2, FCO_NRR.1, FCO_NRR.2",,
Enhancement,AU-11-3,부인방지 | 정보검토자 신원정보 결합 검사,AU-10(4),AU-10(4),,,
Enhancement,AU-11-4,부인방지 | 관리 연속성,AU-10(3),AU-10(3),,,
Security Control,AU-12,감사기록 유지,AU-11,AU-11,,,03.03.03
Enhancement,AU-12-1,감사기록 유지 |오래된 감사기록 검색 기능,AU-11(1),AU-11(1),,,
Security Control,AU-13,세션 감사,AU-14,AU-14,,,
Enhancement,AU-13-1,세션 감사 | 시스템 작동 시 실행,AU-14(1),AU-14(1),,,
Enhancement,AU-13-2,세션 감사 | 원격 모니터링,AU-14(3),AU-14(3),,,
Security Control,AU-14,정보 유출 모니터링,AU-13,AU-13,,,
Enhancement,AU-14-1,정보 유출 모니터링 | 자동화 도구 사용,AU-13(1),AU-13(1),,,
Enhancement,AU-14-2,정보 유출 모니터링 | 모니터링 중인 사이트 목록 검토,AU-13(2),AU-13(2),,,
Security Control,AU-15,조직 간 감사정보 관리,AU-16,AU-16,,,
Enhancement,AU-15-1,조직 간 감사정보 관리 | 신원정보 보존,AU-16(1),AU-16(1),,,
Enhancement,AU-15-2,조직 간 감사정보 관리 | 감사정보 공유,AU-16(2),AU-16(2),,,
Security Control,CM-1,형상관리 기준선,CM-2,CM-2,,,"03.04.01, 03.04.12"
Enhancement,CM-1-1,형상관리 기준선 | 형상관리활동 자동화,CM-2(2),CM-2(2),,,
Enhancement,CM-1-2,형상관리 기준선 | 검토 및 업데이트,CM-2(1),CM-2,,,"03.04.01, 03.04.12"
Enhancement,CM-1-3,형상관리 기준선 | 이전 버전의 형상 백업,CM-2(3),CM-2(3),,,
Enhancement,CM-1-4,형상관리 기준선 | 개발 및 테스트 환경,CM-2(6),CM-2(6),,,
Enhancement,CM-1-5,"형상관리 기준선 | 고위험지역에 배치 시 시스템, 구성요소, 장비의 형상",CM-2(7),CM-2(7),,,03.04.12
Security Control,CM-2,형상 변경 통제,CM-3,CM-3,"ALC_CMC.3, ALC_CMC.4, ALC_CMC.5",,03.04.03
Enhancement,CM-2-1,형상 변경 통제 | 문서화/알림/변경방지 자동화,CM-3(1),CM-3(1),"ALC_CMC.4, ALC_CMC.5",,
Enhancement,CM-2-2,형상 변경 통제 | 보안 대응 자동화,CM-3(5),CM-3(5),,,
Enhancement,CM-2-3,형상 변경 통제 | 변경 적용 자동화,CM-3(3),CM-3(3),"ALC_CMC.4, ALC_CMC.5",,
Enhancement,CM-2-4,형상 변경 통제 | 사이버보안 담당자 참여,CM-3(4),CM-3(4),,,
Enhancement,CM-2-5,형상 변경 통제 | 변경 테스트/확인/문서화,CM-3(2),CM-3(2),ALC_CMC.5,,
Enhancement,CM-2-6,형상 변경 통제 | 암호기술 관리,CM-3(6),CM-3(6),,,
Security Control,CM-3,형상 설정,CM-6,CM-6,FMT_MSA.2,,03.04.02
Enhancement,CM-3-1,형상 설정 | 중앙관리/적용/검증 자동화,CM-6(1),CM-6(1),,,
Enhancement,CM-3-2,형상 설정 | 무단 변경 대응,CM-6(2),CM-6(2),,,
Security Control,CM-4,형상관리 계획,CM-9,CM-9,"ALC_CMC.1, ALC_CMC.2, ALC_CMC.3, ALC_CMC.4, ALC_CMC.5, ALC_CMS.1, ALC_CMS.2, ALC_CMS.3, ALC_CMS.4, ALC_CMS.5",,
Enhancement,CM-4-1,형상관리 계획 | 담당자 지정,CM-9(1),CM-9(1),,,
Security Control,CM-5,보안 영향성 분석,CM-4,CM-4,,,03.04.04
Enhancement,CM-5-1,보안 영향성 분석 | 사전 테스트 환경구축,CM-4(1),CM-4(1),,,
Enhancement,CM-5-2,보안 영향성 분석 | 보안기능 확인,CM-4(2),CM-4(2),,,03.04.04
Security Control,CM-6,변경 제한,CM-5,CM-5,ALC_DVS.2,,03.04.05
Enhancement,CM-6-1,변경 제한 | 접근 및 감사 자동화,CM-5(1),CM-5(1),,,
Enhancement,CM-6-2,변경 제한 | 시스템 변경 검토,CM-5(2),CM-3(7),,,
Enhancement,CM-6-3,변경 제한 | 전자서명 확인,CM-5(3),CM-14,,,
Enhancement,CM-6-4,변경 제한 | 이중 인가,CM-5(4),CM-5(4),,,
Enhancement,CM-6-5,변경 제한 | 변경권한 제한,CM-5(5),CM-5(5),,,
Enhancement,CM-6-6,변경 제한 | 라이브러리 권한 제한,CM-5(6),CM-5(6),,,
Security Control,CM-7,기능 최소화,CM-7,CM-7,,,"03.04.06, 03.04.08"
Enhancement,CM-7-1,기능 최소화 | 정기 검토,CM-7(1),CM-7(1),,,03.04.06
Enhancement,CM-7-2,기능 최소화 | 소프트웨어 관리,CM-7(2),CM-7(2),,,
Enhancement,CM-7-3,기능 최소화 | 등록 요구사항 준수,CM-7(3),CM-7(3),,,
Enhancement,CM-7-4,기능 최소화 | 블랙리스트 및 화이트리스트,"CM-7(4), CM-7(5)","CM-7(4), CM-7(5)",,,03.04.08
Security Control,CM-8,시스템 구성요소 목록,CM-8,CM-8,,,03.04.10
Enhancement,CM-8-1,시스템 구성요소 목록 | 유지 관리 자동화,CM-8(2),CM-8(2),,,
Enhancement,CM-8-2,시스템 구성요소 목록 | 비인가 구성요소 탐지 자동화,CM-8(3),CM-8(3),,,
Enhancement,CM-8-3,시스템 구성요소 목록 | 자동 위치 추적,CM-8(8),CM-8(8),,,
Enhancement,CM-8-4,시스템 구성요소 목록 | 설치/제거 간 최신화,CM-8(1),CM-8(1),,,03.04.10
Enhancement,CM-8-5,시스템 구성요소 목록 | 관리책임 정보,CM-8(4),CM-8(4),,,
Enhancement,CM-8-6,시스템 구성요소 목록 | 구성요소 중복 방지,CM-8(5),CM-8,,,03.04.10
Enhancement,CM-8-7,시스템 구성요소 목록 | 시스템 구성요소 표준과 허용범위,CM-8(6),CM-8(6),,,
Enhancement,CM-8-8,시스템 구성요소 목록 | 형상관리 중앙화,CM-8(7),CM-8(7),,,
Enhancement,CM-8-9,시스템 구성요소 목록 | 시스템 구성요소 할당,CM-8(9),CM-8(9),,,
Security Control,CM-9,소프트웨어 사용 제한,CM-10,CM-10,,,
Enhancement,CM-9-1,소프트웨어 사용 제한 | 공개 소프트웨어,CM-10(1),CM-10(1),,,
Security Control,CM-10,사용자 설치 소프트웨어,CM-11,CM-11,,,
Enhancement,CM-10-1,사용자 설치 소프트웨어 | 소프트웨어의 부적절한 설치 경보,CM-11(1),CM-8(3),,,
Enhancement,CM-10-2,사용자 설치 소프트웨어 | 일반사용자에 의한 소프트웨어 설치 차단,CM-11(2),CM-11(2),,,
Security Control,CP-1,비상계획,CP-2,CP-2,,,
Enhancement,CP-1-1,비상계획 | 관련 계획 조율,CP-2(1),CP-2(1),,,
Enhancement,CP-1-2,비상계획 | 용량 계획,CP-2(2),CP-2(2),,,
Enhancement,CP-1-3,비상계획 | 필수 기능 재개,CP-2(3),CP-2(3),,,
Enhancement,CP-1-4,비상계획 | 모든 기능 재개,CP-2(4),CP-2(3),,,
Enhancement,CP-1-5,비상계획 | 필수 기능 지속,CP-2(5),CP-2(5),,,
Enhancement,CP-1-6,비상계획 | 대체 사이트,CP-2(6),CP-2(6),,,
Enhancement,CP-1-7,비상계획 | 외부 서비스 제공자와 조율,CP-2(7),CP-2(7),,,
Enhancement,CP-1-8,비상계획 | 핵심 자산 식별,CP-2(8),CP-2(8),,,
Security Control,CP-2,비상 훈련,CP-3,CP-3,,,
Enhancement,CP-2-1,비상 훈련 | 훈련 환경 자동화,CP-3(2),CP-3(2),,,
Enhancement,CP-2-2,비상 훈련 | 모의 이벤트,CP-3(1),CP-3(1),,,
Security Control,CP-3,비상계획 점검,CP-4,CP-4,,,
Enhancement,CP-3-1,비상계획 점검 | 점검 자동화,CP-4(3),CP-4(3),,,
Enhancement,CP-3-2,비상계획 점검 | 관련 계획 조율,CP-4(1),CP-4(1),,,
Enhancement,CP-3-3,비상계획 점검 | 대체 사이트,CP-4(2),CP-4(2),,,
Enhancement,CP-3-4,비상계획 점검 | 완전 복구 및 재구성,CP-4(4),CP-4(4),,,
Security Control,CP-4,대체 사이트,"CP-6, CP-6(2), CP-7","CP-6, CP-6(2), CP-7",,,
Enhancement,CP-4-1,대체 사이트 | 주(기존) 사이트로부터 분리,"CP-6(1), CP-7(1)","CP-6(1), CP-7(1)",,,
Enhancement,CP-4-2,대체 사이트 | 접근성,"CP-6(3), CP-7(2)","CP-6(3), CP-7(2)",,,
Enhancement,CP-4-3,대체 사이트 | 서비스 우선순위,CP-7(3),CP-7(3),,,
Enhancement,CP-4-4,대체 사이트 | 사용 준비,CP-7(4),CP-7(4),,,
Enhancement,CP-4-5,대체 사이트 | 주(기존) 사이트로 복귀 불가 시 대응,CP-7(6),CP-7(6),,,
Security Control,CP-5,통신 서비스,CP-8,CP-8,,,
Enhancement,CP-5-1,통신 서비스 | 서비스 우선순위 선정,CP-8(1),CP-8(1),,,
Enhancement,CP-5-2,통신 서비스 | 단일 장애,CP-8(2),CP-8(2),,,
Enhancement,CP-5-3,통신 서비스 | 주(기존)/대체 기간통신사업자 분리,CP-8(3),CP-8(3),,,
Enhancement,CP-5-4,통신 서비스 | 기간통신사업자의 비상계획,CP-8(4),CP-8(4),,,
Enhancement,CP-5-5,통신 서비스 | 대체 통신 서비스 테스트,CP-8(5),CP-8(5),,,
Security Control,CP-6,대체 통신 프로토콜,CP-11,CP-11,"FRU_FLT.1, FRU_FLT.2",,
Security Control,CP-7,대체 보안 메커니즘,CP-13,CP-13,,,
Security Control,CP-8,시스템 백업,CP-9,CP-9,,,03.08.09
Enhancement,CP-8-1,시스템 백업 | 신뢰성/무결성 테스트,CP-9(1),CP-9(1),,,
Enhancement,CP-8-2,시스템 백업 | 샘플을 이용한 복원 테스트,CP-9(2),CP-9(2),,,
Enhancement,CP-8-3,시스템 백업 | 핵심 정보를 위한 보관장소 분리,CP-9(3),CP-9(3),,,
Enhancement,CP-8-4,시스템 백업 | 대체 사이트로 이전,CP-9(5),CP-9(5),,,
Enhancement,CP-8-5,시스템 백업 | 이중 보조 시스템 구축,CP-9(6),CP-9(6),,,
Enhancement,CP-8-6,시스템 백업 | 이중 인가,CP-9(7),CP-9(7),,,
Security Control,CP-9,시스템 복구 및 복원,CP-10,CP-10,"FPT_RCV.1, FPT_RCV.2, FPT_RCV.3",,
Enhancement,CP-9-1,시스템 복구 및 복원 | 트랜잭션 복구,CP-10(2),CP-10(2),"FDP_ROL.1, FDP_ROL.2",,
Enhancement,CP-9-2,시스템 복구 및 복원 | 구성요소의 기한 내 복원,CP-10(4),CP-10(4),FPT_ITA.1,,
Enhancement,CP-9-3,시스템 복구 및 복원 | 백업 및 복원용 구성요소 보호,CP-10(6),CP-10(6),,,
Security Control,CP-10,안전모드,CP-12,CP-12,"FPT_RCV.1, FPT_RCV.2, FPT_RCV.3",,
Security Control,CR-1,암호기술을 통한 보호,SC-13,SC-13,FCS_COP.1,"a.    Determine the [Assignment: organization-defined cryptographic uses]; and
b.    Implement the following types of cryptography required for each specified cryptographic use: [Assignment: organization-defined types of cryptography for each specified cryptographic use].",03.13.11
Security Control,CR-2,암호키 설정 및 관리,SC-12,SC-12,"FCS_CKM.1, FCS_CKM.2, FCS_CKM.3, FCS_CKM.4","Establish and manage cryptographic keys when cryptography is employed within the system in accordance with the following key management requirements: [Assignment: organization-defined requirements for key generation, distribution, storage, access, and destruction].",03.13.10
Enhancement,CR-2-1,암호키 설정 및 관리 | 가용성,SC-12(1),SC-12(1),,,
Enhancement,CR-2-2,암호키 설정 및 관리 | 비밀키,SC-12(2),SC-12(2),,,
Enhancement,CR-2-3,암호키 설정 및 관리 | 공개키,SC-12(3),SC-12(3),,,
Security Control,CR-3,공개키 기반 구조(PKI) 인증서,"-, SC-17","SC-12(3), SC-17",,,
Security Control,IA-1,사용자 식별 및 인증,IA-2,IA-2,"FIA_ATD.1, FIA_UAU.1, FIA_UAU.2, FIA_UID.1, FIA_UID.2",,"03.05.01, 03.05.03, 03.05.04"
Enhancement,IA-1-1,사용자 식별 및 인증 | 특별권한 계정에 대한 다중 인증,"IA-2(1), IA-2(3)",IA-2(1),FIA_UAU.5,,03.05.03
Enhancement,IA-1-2,사용자 식별 및 인증 | 일반계정에 대한 다중 인증,"IA-2(2), IA-2(4)",IA-2(2),FIA_UAU.5,,03.05.03
Enhancement,IA-1-3,사용자 식별 및 인증 | 그룹인증 시 인원별 개별 인증,IA-2(5),IA-2(5),,,
Enhancement,IA-1-4,사용자 식별 및 인증 | 다중 인증 - 별도 장치,"IA-2(6), IA-2(7), IA-2(11)",IA-2(6),,,
Enhancement,IA-1-5,사용자 식별 및 인증 | 2채널 인증,IA-2(13),IA-2(13),,,
Enhancement,IA-1-6,사용자 식별 및 인증 | 다중 인증 -재전송 공격 방지,"IA-2(8), IA-2(9)",IA-2(8),"FIA_UAU.3, FIA_UAU.4, FPT_RPL.1",,03.05.04
Enhancement,IA-1-7,사용자 식별 및 인증 | 통합인증(SSO),"IA-2(10), IA-2(12)",IA-2(10),,,
Security Control,IA-2,장치 식별 및 인증,IA-3,IA-3,,,03.05.02
Enhancement,IA-2-1,장치 식별 및 인증 | 암호기술 기반 양방향 인증,IA-3(1),IA-3(1),FTP_ITC.1,,
Enhancement,IA-2-2,장치 식별 및 인증 | 동적 주소 할당,IA-3(3),IA-3(3),,,
Enhancement,IA-2-3,장치 식별 및 인증 | 장치 증명(device attestation),IA-3(4),IA-3(4),,,
Security Control,IA-3,식별자 관리,IA-4,IA-4,,,03.05.05
Enhancement,IA-3-1,식별자 관리 | 공개된 식별자 사용 금지,IA-4(1),IA-4(1),,,
Enhancement,IA-3-2,식별자 관리 | 권한 유추 가능한 식별자 사용 금지,IA-4(8),IA-4(8),,,
Enhancement,IA-3-3,식별자 관리 | 대면 등록,IA-4(7),IA-12(4),,,
Enhancement,IA-3-4,식별자 관리 | 소속기관ㆍ부대(서)장 승인,IA-4(2),IA-12(1),,,
Enhancement,IA-3-5,식별자 관리 | 개인 또는 조직 특성 식별,IA-4(4),IA-4(4),,,03.05.05
Enhancement,IA-3-6,식별자 관리 | 신원 증명,IA-4(3),IA-12(2),,,
Enhancement,IA-3-7,식별자 관리 | 동적 관리,IA-4(5),IA-4(5),,,
Enhancement,IA-3-8,식별자 관리 | 조직 간 상호 관리,IA-4(6),IA-4(6),,,
Security Control,IA-4,인증수단 관리,IA-5,IA-5,"FIA_SOS.1, FIA_SOS.2",,"03.05.07, 03.05.12"
Enhancement,IA-4-1,인증수단 관리 | 패스워드 기반 인증,IA-5(1),IA-5(1),"FIA_SOS.1, FIA_SOS.2",,03.05.07
Enhancement,IA-4-2,인증수단 관리 | 자동화된 패스워드 강도 검사,IA-5(4),IA-5(1),"FIA_SOS.1, FIA_SOS.2",,03.05.07
Enhancement,IA-4-3,인증수단 관리 | 대면 등록,IA-5(3),IA-12(4),,,
Enhancement,IA-4-4,인증수단 관리 | 생체기반 인증,IA-5(12),IA-5(12),,,
Enhancement,IA-4-5,인증수단 관리 | 공개키 기반(PKI) 인증,IA-5(2),IA-5(2),,,
Enhancement,IA-4-6,인증수단 관리 | 공개키 기반(PKI) 저장소 관리,IA-5(14),IA-5(14),,,
Enhancement,IA-4-7,인증수단 관리 | 기본 인증수단 변경,IA-5(5),IA-5(5),,,
Enhancement,IA-4-8,인증수단 관리 | 인증수단 보호,IA-5(6),IA-5(6),,,
Enhancement,IA-4-9,인증수단 관리 | 암호화되지 않은 인증수단 삽입(포함) 금지,IA-5(7),IA-5(7),,,
Enhancement,IA-4-10,인증수단 관리 | 복수 시스템 계정,IA-5(8),IA-5(8),,,
Enhancement,IA-4-11,인증수단 관리 | 조직 간 자격증명 관리,IA-5(9),IA-5(9),,,
Enhancement,IA-4-12,인증수단 관리 | 동적 자격증명 관리,IA-5(10),IA-5(10),,,
Enhancement,IA-4-13,인증수단 관리 | 인증수단 캐시 만료기간,IA-5(13),IA-5(13),,,
Enhancement,IA-4-14,인증수단 관리 | 승인된 제품 및 서비스,IA-5(15),IA-5(15),,,
Security Control,IA-5,인증수단 피드백,IA-6,IA-6,FIA_UAU.7,,03.05.11
Security Control,IA-6,암호모듈 인증,IA-7,IA-7,,"Implement mechanisms for authentication to a cryptographic module that meet the requirements of applicable laws, executive orders, directives, policies, regulations, standards, and guidelines for such authentication.",
Security Control,IA-7,조직 외 사용자 식별 및 인증,IA-8,IA-8,"FIA_UAU.1, FIA_UAU.2, FIA_UID.1, FIA_UID.2",,
Enhancement,IA-7-1,조직 외 사용자 식별 및 인증 | 외부 자격증명,IA-8(2),IA-8(2),,,
Enhancement,IA-7-2,조직 외 사용자 식별 및 인증 | 승인제품 사용,IA-8(3),IA-8(2),,,
Security Control,IA-8,서비스 식별 및 인증,IA-9,IA-9,,,
Security Control,IA-9,적응형 식별 및 인증,IA-10,IA-10,,,
Security Control,IA-10,재인증,IA-11,IA-11,FIA_UAU.6,,03.05.01
Security Control,IR-1,사고대응 계획,IR-8,IR-8,,,03.06.05
Security Control,IR-2,사고대응 지원,IR-7,IR-7,,,03.06.02
Enhancement,IR-2-1,사고대응 지원 | 정보/지원 자동화,IR-7(1),IR-7(1),,,
Enhancement,IR-2-2,사고대응 지원 | 외부 조직과의 협력,IR-7(2),IR-7(2),,,
Security Control,IR-3,사고대응 교육훈련,IR-2,IR-2,,,03.06.04
Enhancement,IR-3-1,사고대응 교육훈련 | 교육훈련 환경 자동화,IR-2(2),IR-2(2),,,
Enhancement,IR-3-2,사고대응 교육훈련 | 모의 상황(이벤트),IR-2(1),IR-2(1),,,
Security Control,IR-4,사고대응 테스트,IR-3,IR-3,,,03.06.03
Enhancement,IR-4-1,사고대응 테스트 | 테스트 자동화,IR-3(1),IR-3(1),,,
Enhancement,IR-4-2,사고대응 테스트 | 관련 계획과의 협조,IR-3(2),IR-3(2),,,
Security Control,IR-5,사고처리,IR-4,IR-4,,,03.06.01
Enhancement,IR-5-1,사고처리 | 사고처리 절차 자동화,IR-4(1),IR-4(1),,,
Enhancement,IR-5-2,사고처리 | 시스템 사용 통제 자동화,IR-4(5),IR-4(5),,,
Enhancement,IR-5-3,사고처리 | 동적 재설정,IR-4(2),IR-4(2),,,
Enhancement,IR-5-4,사고처리 | 운영 지속성,IR-4(3),IR-4(3),,,
Enhancement,IR-5-5,사고처리 | 사고 상관분석,IR-4(4),IR-4(4),,,
Enhancement,IR-5-6,사고처리 | 내부자 위협 ? 특정 역량,IR-4(6),IR-4(6),,,
Enhancement,IR-5-7,사고처리 | 내부자 위협 ? 조직 내 협조,IR-4(7),IR-4(7),,,
Enhancement,IR-5-8,사고처리 | 외부 조직과의 협조,IR-4(8),IR-4(8),,,
Enhancement,IR-5-9,사고처리 | 동적 대응 역량,IR-4(9),IR-4(9),,,
Enhancement,IR-5-10,사고처리 | 공급망 협력,IR-4(10),IR-4(10),,,
Security Control,IR-6,사고 모니터링,IR-5,IR-5,,,03.06.02
Enhancement,IR-6-1,사고 모니터링 |추적/수집/분석 자동화,IR-5(1),IR-5(1),,,
Security Control,IR-7,사고 보고,IR-6,IR-6,,,03.06.02
Enhancement,IR-7-1,사고 보고 | 보고 자동화,IR-6(1),IR-6(1),,,
Enhancement,IR-7-2,사고 보고 | 사고 관련 취약점 보고,IR-6(2),IR-6(2),,,
Enhancement,IR-7-3,사고 보고 | 공급망 협력,IR-6(3),IR-6(3),,,
Security Control,IR-8,정보유출 대응,IR-9,IR-9,,,
Enhancement,IR-8-1,정보유출 대응 | 책임자,IR-9(1),IR-9,,,
Enhancement,IR-8-2,정보유출 대응 | 교육훈련,IR-9(2),IR-9(2),,,
Enhancement,IR-8-3,정보유출 대응 | 유출 이후 운영,IR-9(3),IR-9(3),,,
Enhancement,IR-8-4,정보유출 대응 | 비인가자에게 노출 시 대응,IR-9(4),IR-9(4),,,
Security Control,IR-9,통합 정보보안 분석 팀,IR-10,IR-4(11),,,
Security Control,MA-1,유지보수 통제,MA-2,MA-2,,,
Enhancement,MA-1-1,유지보수 통제 | 유지보수 활동 자동화,MA-2(2),MA-2(2),,,
Security Control,MA-2,적시의 유지보수,MA-6,MA-6,,,
Enhancement,MA-2-1,적시의 유지보수 | 예방 유지보수,MA-6(1),MA-6(1),,,
Enhancement,MA-2-2,적시의 유지보수 | 예측 유지보수,MA-6(2),MA-6(2),,,
Enhancement,MA-2-3,적시의 유지보수 | 예측 지원 자동화,MA-6(3),MA-6(3),,,
Security Control,MA-3,유지보수 도구,MA-3,MA-3,,,03.07.04
Enhancement,MA-3-1,유지보수 도구 | 도구 점검,MA-3(1),MA-3(1),,,03.07.04
Enhancement,MA-3-2,유지보수 도구 | 저장매체 점검,MA-3(2),MA-3(2),,,03.07.04
Enhancement,MA-3-3,유지보수 도구 | 무단 반출 금지,MA-3(3),MA-3(3),,,03.07.04
Enhancement,MA-3-4,유지보수 도구 | 도구 사용자 제한,MA-3(4),MA-3(4),,,
Security Control,MA-4,원격 유지보수,MA-4,MA-4,,,03.07.05
Enhancement,MA-4-1,원격 유지보수 | 원격 유지보수 활동 문서화,MA-4(2),"MA-1, MA-4",,,"03.07.05, 03.15.01"
Enhancement,MA-4-2,원격 유지보수 | 대등한 보안 수준 또는 정보소거,MA-4(3),MA-4(3),,,
Enhancement,MA-4-3,원격 유지보수 | 승인과 알림,MA-4(5),MA-4(5),,,
Enhancement,MA-4-4,원격 유지보수 | 감사 및 검토,MA-4(1),MA-4(1),,,
Enhancement,MA-4-5,원격 유지보수 | 유지보수 세션의 인증/분리,MA-4(4),MA-4(4),,,
Enhancement,MA-4-6,원격 유지보수 | 암호를 통한 보호,MA-4(6),MA-4(6),,Implement the following cryptographic mechanisms to protect the integrity and confidentiality of nonlocal maintenance and diagnostic communications: [Assignment: organization-defined cryptographic mechanisms].,
Enhancement,MA-4-7,원격 유지보수 | 원격 연결해제 검증,MA-4(7),MA-4(7),,,
Security Control,MA-5,유지보수 인원보안,MA-5,MA-5,,,03.07.06
Enhancement,MA-5-1,유지보수 인원보안 | 비인가자 또는 외국인,MA-5(1),MA-5(1),,,
Enhancement,MA-5-2,유지보수 인원보안 | 비밀취급 인가,MA-5(2),MA-5(2),,,
Enhancement,MA-5-3,유지보수 인원보안 | 외국인에 의한 비밀 시스템 유지보수,MA-5(3),MA-5(3),,,
Enhancement,MA-5-4,유지보수 인원보안 | 외국인을 통한 유지보수,MA-5(4),MA-5(4),,,
Enhancement,MA-5-5,유지보수 인원보안 | 시스템과 관련 없는 유지보수,MA-5(5),MA-5(5),,,
Security Control,MP-1,매체 접근,MP-2,MP-2,,,03.08.02
Security Control,MP-2,매체 표시,MP-3,MP-3,,,03.08.04
Security Control,MP-3,매체 보관,MP-4,MP-4,,,03.08.01
Enhancement,MP-3-1,매체 보관 | 접근통제 자동화,MP-4(2),MP-4(2),,,
Security Control,MP-4,매체 이동,MP-5,MP-5,ALC_DEL.1,,03.08.05
Enhancement,MP-4-1,매체 이동 | 이동 책임자,MP-5(3),MP-5(3),,,
Enhancement,MP-4-2,매체 이동 | 암호화를 통한 보호,MP-5(4),SC-28(1),,Implement cryptographic mechanisms to prevent unauthorized disclosure and modification of the following information at rest on [Assignment: organization-defined system components or media]: [Assignment: organization-defined information].,03.13.08
Security Control,MP-5,매체 사용,MP-7,MP-7,,,03.08.07
Enhancement,MP-5-1,매체 사용 | 정보소거 불가능 매체 사용 금지,MP-7(2),MP-7(2),,,
Security Control,MP-6,매체 정보소거,MP-6,MP-6,,,03.08.03
Enhancement,MP-6-1,매체 정보소거 | 검토ㆍ승인ㆍ추적ㆍ기록ㆍ확인,MP-6(1),MP-6(1),,,
Enhancement,MP-6-2,매체 정보소거 | 장비 테스트,MP-6(2),MP-6(2),,,
Enhancement,MP-6-3,매체 정보소거 | 비파괴 기법,MP-6(3),MP-6(3),,,
Enhancement,MP-6-4,매체 정보소거 | 이중인가,MP-6(7),MP-6(7),,,
Enhancement,MP-6-5,매체 정보소거 | 원격 정보 완전삭제/파괴,MP-6(8),MP-6(8),,,
Security Control,MP-7,매체 보안등급 하향,MP-8,MP-8,,,
Enhancement,MP-7-1,매체 보안등급 하향 | 기록 및 유지,MP-8(1),MP-8(1),,,
Enhancement,MP-7-2,매체 보안등급 하향 | 장비 테스트,MP-8(2),MP-8(2),,,
Security Control,PA-1,정책 및 절차,,PL-1,,,03.15.01
Security Control,PA-2,시스템 목록,PM-5,PM-5,,,
Security Control,PA-3,시스템 연동,CA-3,CA-3,,,03.12.05
Enhancement,PA-3-1,시스템 연동 | 평문정보 처리용 국방시스템과 연결,CA-3(1),SC-7(25),,,
Enhancement,PA-3-2,시스템 연동 | 비밀정보 치리용 국방시스템과 연결,CA-3(2),SC-7(26),,,
Enhancement,PA-3-3,시스템 연동 | 공공 네트워크와 연결,CA-3(4),SC-7(28),,,
Enhancement,PA-3-4,시스템 연동 | 인가범위 외 시스템 연결 제한,CA-3(5),SC-7(5),,,03.13.06
Security Control,PA-4,보안운영개념,PL-7,PL-7,,,
Security Control,PA-5,보안 아키텍처,PL-8,PL-8,,,
Enhancement,PA-5-1,보안 아키텍처 | 심층 방어,PL-8(1),PL-8(1),,,
Enhancement,PA-5-2,보안 아키텍처 | 공급업체 다양성(Supplier Diversity),PL-8(2),PL-8(2),,,
Security Control,PA-6,내부자 위협대응 계획/절차,PM-12,PM-12,,,
Security Control,PA-7,취약점 점검,RA-5(1),RA-5,,,03.11.02
Enhancement,PA-7-1,취약점 점검 | 취약점 목록,RA-5(2),RA-5(2),,,03.11.02
Enhancement,PA-7-2,취약점 점검 | 점검 범위 및 수준 표시,RA-5(3),RA-5(3),,,
Enhancement,PA-7-3,취약점 점검 | 노출되기 쉬운 정보 보호,RA-5(4),RA-5(4),,,
Enhancement,PA-7-4,취약점 점검 | 특별권한 접근,RA-5(5),RA-5(5),,,
Enhancement,PA-7-5,취약점 점검 | 취약점 발생동향 분석,RA-5(6),RA-5(6),,,
Enhancement,PA-7-6,취약점 점검 | 과거 감사기록 검토,RA-5(8),RA-5(8),,,
Enhancement,PA-7-7,취약점 점검 | 감사정보 비교,RA-5(10),RA-5(10),,,
Security Control,PA-8,보안 시험 및 평가(TestingㆍEvaluation),RA-5(10),SA-11,,,
Enhancement,PA-8-1,보안 시험 및 평가 | 위협 모델링 및 취약점 분석,SA-11(2),SA-11(2),"AVA_VAN.1, AVA_VAN.2, AVA_VAN.3, AVA_VAN.4, AVA_VAN.5",,
Enhancement,PA-8-2,보안 시험 및 평가 | 공격 표면 검토,SA-11(6),SA-11(6),,,
Enhancement,PA-8-3,보안 시험 및 평가 | 정적 코드 분석,SA-11(1),SA-11(1),,,
Enhancement,PA-8-4,보안 시험 및 평가 | 동적 코드 분석,SA-11(8),SA-11(8),,,
Enhancement,PA-8-5,보안 시험 및 평가 | 수동 코드 검토,SA-11(4),SA-11(4),,,
Security Control,PA-9,침투시험,CA-8,CA-8,"AVA_VAN.1, AVA_VAN.2, AVA_VAN.3, AVA_VAN.4, AVA_VAN.5, ACO_VUL.1, ACO_VUL.2, ACO_VUL.3",,
Enhancement,PA-9-1,침투시험 | 독립적인 침투팀 편성,CA-8(1),CA-8(1),,,
Enhancement,PA-9-2,침투시험 | 레드(Red)팀 훈련,CA-8(2),CA-8(2),,,
Security Control,PA-10,기술적 감시수단 대응책 검토,RA-6,RA-6,,,
Security Control,PA-11,내부 시스템 연결,CA-9,CA-9,,,
Enhancement,PA-11-1,내부 시스템 연결 | 보안준수 확인,CA-9(1),CA-9(1),,,
Security Control,PA-12,행동 규칙,PL-4,PL-4,,,03.15.03
Enhancement,PA-12-1,행동 규칙 | 소셜 미디어 및 네트워킹 제한,PL-4(1),PL-4(1),,,
Security Control,PA-13,보안 관련 그룹과 협력 및 위협정보 공유,"PM-15, PM-16","PM-15, PM-16",,,
Security Control,PE-1,물리적 접근인가,PE-2,PE-2,,,03.10.01
Enhancement,PE-1-1,물리적 접근인가 | 직책 기반 출입 허가,PE-2(1),PE-2(1),,,
Enhancement,PE-1-2,물리적 접근인가 | 복수의 신원확인 수단,PE-2(2),PE-2(2),,,
Enhancement,PE-1-3,물리적 접근인가 | 안내자 동행 없이 출입 가능한 인원,PE-2(3),PE-2(3),,,
Security Control,PE-2,물리적 접근통제,PE-3,PE-3,,,03.10.07
Enhancement,PE-2-1,물리적 접근통제 | 시스템 접근,PE-3(1),PE-3(1),,,
Enhancement,PE-2-2,물리적 접근통제 | 시설/시스템 경계 점검,PE-3(2),PE-3(2),,,
Enhancement,PE-2-3,물리적 접근통제 | 경비/경보/감시,PE-3(3),PE-3(3),,,
Enhancement,PE-2-4,물리적 접근통제 | 랙(잠금형),PE-3(4),PE-3(4),,,
Enhancement,PE-2-5,물리적 접근통제 | 변조 방지,PE-3(5),PE-3(5),"FPT_PHP.1, FPT_PHP.2, FPT_PHP.3",,
Enhancement,PE-2-6,물리적 접근통제 | 시설 침투 훈련,PE-3(6),CA-8,,,
Security Control,PE-3,물리적 접근 모니터링,PE-6,PE-6,,,03.10.02
Enhancement,PE-3-1,물리적 접근 모니터링 | 침입 식별/대응 자동화,PE-6(2),PE-6(2),"FAU_ARP.1, FPT_PHP.1, FPT_PHP.2",,
Enhancement,PE-3-2,물리적 접근 모니터링 | 침입 경보/감시 장비,PE-6(1),PE-6(1),,,
Enhancement,PE-3-3,물리적 접근 모니터링 | 비디오 감시,PE-6(3),PE-6(3),,,
Enhancement,PE-3-4,물리적 접근 모니터링 | 시스템 접근 모니터링,PE-6(4),PE-6(4),,,
Security Control,PE-4,전송매체 접근통제,PE-4,PE-4,,,03.10.08
Security Control,PE-5,출력장치 접근통제,PE-5,PE-5,,,03.10.07
Enhancement,PE-5-1,출력장치 접근통제 | 출력물 접근제한,PE-5(1),PE-5,,,03.10.07
Enhancement,PE-5-2,출력장치 접근통제 | 비밀등급 표시,PE-5(3),PE-22,,,
Security Control,PE-6,방문자 접근기록,PE-8,PE-8,,,
Enhancement,PE-6-1,방문자 접근기록 | 기록 유지 및 검토 자동화,PE-8(1),PE-8(1),,,
Security Control,PE-7,전력 장비 및 케이블,PE-9,PE-9,,,
Enhancement,PE-7-1,전력 장비 및 케이블 | 이중화,PE-9(1),PE-9(1),,,
Enhancement,PE-7-2,전력 장비 및 케이블 | 자동 전압제어,PE-9(2),PE-9(2),,,
Security Control,PE-8,장비 반입/반출,PE-16,PE-16,,,
Security Control,PE-9,비상 전원 차단,PE-10,PE-10,,,
Security Control,PE-10,비상 전원,PE-11,PE-11,,,
Enhancement,PE-10-1,비상 전원 | 최소 작동 용량,PE-11(1),PE-11(1),,,
Enhancement,PE-10-2,비상 전원 | 비상발전기 충족요건,PE-11(2),PE-11(2),,,
Security Control,PE-11,비상조명,PE-12,PE-12,,,
Enhancement,PE-11-1,비상조명 | 필수 기능,PE-12(1),PE-12(1),,,
Security Control,PE-12,화재 예방,PE-13,PE-13,,,
Enhancement,PE-12-1,화재 예방 | 화재 감지 시스템,PE-13(1),PE-13(1),,,
Enhancement,PE-12-2,화재 예방 | 화재 진압 시스템,PE-13(2),PE-13(2),,,
Enhancement,PE-12-3,화재 예방 | 자동 화재 진압,PE-13(2),PE-13(2),,,
Enhancement,PE-12-4,화재 예방 | 검사,PE-13(4),PE-13(4),,,
Security Control,PE-13,온도/습도 통제,PE-14,PE-14,,,
Enhancement,PE-13-1,온도/습도 통제 | 자동화,PE-14(1),PE-14(1),,,
Enhancement,PE-13-2,온도/습도 통제 | 경보/알림을 이용한 모니터링,PE-14(2),PE-14(2),,,
Security Control,PE-14,물에 의한 손상으로부터 보호,PE-15,PE-15,,,
Enhancement,PE-14-1,물에 의한 손상으로부터 보호 | 자동 경보/알림,PE-15(1),PE-15(1),,,
Security Control,PE-15,대체 근무장소,PE-17,PE-17,,,03.10.06
Security Control,PE-16,시스템 구성요소 위치,PE-18,PE-18,,,
Enhancement,PE-16-1,시스템 구성요소 위치 | 시설 위치,PE-18(1),PE-23,,,
Security Control,PE-17,전자기파를 통한 정보유출 방지,,PE-19,,,
Security Control,PE-18,자산 모니터링 및 추적,PE-20,PE-20,,,
Security Control  ,PS-1,직책별 위험 설정,PS-2,PS-2,,,
Security Control,PS-2,신원조사,PS-3,PS-3,,,03.09.01
Enhancement,PS-2-1,신원조사 | 비밀 정보 처리,PS-3(1),PS-3(1),,,
Enhancement,PS-2-2,신원조사 | 정규교육,PS-3(2),PS-3(2),,,
Enhancement,PS-2-3,신원조사 | 비밀이 아닌 민감 정보 처리,PS-3(3),PS-3(3),,,
Security Control,PS-3,전역·퇴직,PS-4,PS-4,,,03.09.02
Enhancement,PS-3-1,전역·퇴직 | 알림 자동화,PS-4(2),PS-4(2),,,
Security Control,PS-4,보직변경,PS-5,PS-5,,,03.09.02
Enhancement,PS-4-1,보직변경 | 전출 시 요구사항,PS-4(1),PS-4(1),,,
Security Control,PS-5,시스템 사용 서약서,PS-6,PS-6,,,
Enhancement,PS-5-1,시스템 사용 서약서 | 특수정보(SI),PS-6(2),PS-6(2),,,
Enhancement,PS-5-2,시스템 사용 서약서 | 전역 및 퇴직 시 요구사항,PS-6(3),PS-6(3),,,
Security Control,PS-6,외부인원 보안,PS-7,PS-7,,,
Security Control,PS-7,보안사고자 및 위반자 처리,PS-8,PS-8,,,
Security Control,SA-1,자원 할당,SA-2,SA-2,ALC_DVS.1,,
Security Control,SA-2,시스템개발 수명주기,SA-3,SA-3,"ALC_DVS.1, ALC_DVS.2, ALC_LCD.1, ALC_LCD.2",,
Security Control,SA-3,획득절차,SA-4,SA-4,"ASE_INT.1, ASE_SPD.1, ASE_OBJ.1, ASE_OBJ.2, ASE_REQ.1, ASE_REQ.2",,
Enhancement,SA-3-1,획득절차 | 보안통제항목의 기능적 특성,SA-4(1),SA-4(1),"ASE_TSS.1, ASE_TSS.2, ADV_FSP.1, ADV_FSP.2, ADV_FSP.3, ADV_FSP.4, ADV_FSP.5, ADV_FSP.6",,
Enhancement,SA-3-2,획득절차 | 보안통제항목을 위한 설계/구현 정보,SA-4(2),SA-4(2),"ASE_TSS.2, ADV_FSP.1, ADV_FSP.2, ADV_FSP.3, ADV_FSP.4, ADV_FSP.5, ADV_FSP.6, ADV_IMP.1, ADV_IMP.2, ADV_TDS.1, ADV_TDS.2, ADV_TDS.3, ADV_TDS.4, ADV_TDS.5, ADV_TDS.6",,
Enhancement,SA-3-3,획득절차 | 개발 방법/기술/관행,SA-4(3),SA-4(3),,,
Enhancement,SA-3-4,획득절차 | 보안 환경설정,SA-4(5),SA-4(5),,,
Enhancement,SA-3-5,획득절차 | 정보보증 제품의 사용,"SA-4(6), SA-4(7)",SA-4(6),ASE_CCL.1,,
Enhancement,SA-3-6,획득절차 | 지속 모니터링 계획,SA-4(8),SA-4(8),,,
Enhancement,SA-3-7,획득절차 | 기능/포트/프로토콜/서비스의 식별,"SA-4(9), SA-4(10)",SA-4(9),,,
Security Control,SA-4,시스템 문서,SA-5,SA-5,"AGD_OPE.1, AGD_PRE.1",,
Security Control,SA-5,보안공학 원칙,SA-8,SA-8,"ADV_INT.1, ADV_INT.2, ADV_INT.3",,03.16.01
Security Control,SA-6,인가범위 외 서비스,SA-9,SA-9,,,03.16.03
Enhancement,SA-6-1,인가범위 외 서비스 | 위험판단 / 조직의 승인,SA-9(1),SA-9(1),,,
Enhancement,SA-6-2,인가범위 외 서비스 | 기능/포트/프로토콜/서비스의 식별,SA-9(2),SA-9(2),,,
Enhancement,SA-6-3,인가범위 외 서비스 | 신뢰관계 수립,SA-9(3),SA-9(3),,,
Enhancement,SA-6-4,인가범위 외 서비스 | 소비자와 제공자의 이해 일치,SA-9(4),SA-9(4),,,
Enhancement,SA-6-5,"인가범위 외 서비스 | 처리, 저장 및 서비스의 위치",SA-9(5),SA-9(5),,,
Security Control,SA-7,개발자(업체)의 형상관리,SA-10,SA-10,"ALC_CMC.1, ALC_CMC.2, ALC_CMC.3, ALC_CMC.4, ALC_CMC.5, ALC_CMS.1, ALC_CMS.2, ALC_CMS.3, ALC_CMS.4, ALC_CMS.5, ALC_FLR.1, ALC_FLR.2, ALC_FLR.3",,
Enhancement,SA-7-1,개발자(업체) 형상관리 | 형상관리 절차 부재시 대응,SA-10(2),SA-10(2),,,
Enhancement,SA-7-2,개발자(업체) 형상관리 | 소프트웨어/펌웨어 무결성 검증,SA-10(1),SA-10(1),ALC_DEL.1,,
Enhancement,SA-7-3,개발자(업체) 형상관리 | 하드웨어 무결성 검증,SA-10(3),SA-10(3),,,
Enhancement,SA-7-4,개발자(업체) 형상관리 | 신규 버전 신뢰성 검증,SA-10(4),SA-10(4),,,
Enhancement,SA-7-5,개발자(업체) 형상관리 | 버전 통제를 위한 매핑 무결성,SA-10(5),SA-10(5),,,
Enhancement,SA-7-6,개발자(업체) 형상관리 | 배포 신뢰성 확보,SA-10(6),SA-10(6),ALC_DEL.1,,
Security Control,SA-8,개발자(업체)의 보안 시험 및 평가(TestingㆍEvaluation),SA-11,SA-11,"ALC_FLR.1, ALC_FLR.2, ALC_FLR.3, ATE_COV.1, ATE_COV.2, ATE_COV.3, ATE_DPT.1, ATE_DPT.2, ATE_DPT.3, ATE_DPT.4, ATE_FUN.1, ATE_FUN.2, ACO_CTT.1, ACO_CTT.2, ACO_VUL.1, ACO_VUL.2, ACO_VUL.3",,
Enhancement,SA-8-1,개발자(업체)의 보안 시험 및 평가 | 위협 모델링 및 취약점 분석,SA-11(2),SA-11(2),,,
Enhancement,SA-8-2,개발자(업체)의 보안 시험 및 평가 | 공격 표면 검토,SA-11(6),SA-11(6),,,
Enhancement,SA-8-3,개발자(업체)의 보안 시험 및 평가 | 정적 코드 분석,SA-11(1),SA-11(1),,,
Enhancement,SA-8-4,개발자(업체)의 보안 시험 및 평가 | 동적 코드 분석,SA-11(8),SA-11(8),,,
Enhancement,SA-8-5,개발자(업체)의 보안 시험 및 평가 | 수동 코드 검토,SA-11(4),SA-11(4),,,
Enhancement,SA-8-6,개발자(업체)의 보안 시험평가 | 침투 테스트,SA-11(5),SA-11(5),"AVA_VAN.1, AVA_VAN.2, AVA_VAN.3, AVA_VAN.4, AVA_VAN.5",,
Enhancement,SA-8-7,개발자(업체)의 보안 시험평가 | 평가계획 및 결과물의 독립적인 검증,SA-11(3),SA-11(3),"ATE_IND.1, ATE_IND.2, ATE_IND.3",,
Enhancement,SA-8-8,개발자(업체)의 보안 시험평가 | 시험평가 범위 검증,SA-11(7),SA-11(7),"ATE_COV.1, ATE_COV.2, ATE_COV.3, ATE_DPT.1, ATE_DPT.2, ATE_DPT.3, ATE_DPT.4",,
Security Control,SA-9,치명도(Criticality) 분석,SA-14,RA-9,,,
Security Control,SA-10,신뢰성,SA-13,SA-8,"ADV_INT.1, ADV_INT.2, ADV_INT.3",,03.16.01
Security Control,SA-11,"개발 프로세스, 표준 및 도구",SA-15,SA-15,"ALC_LCD.1, ALC_LCD.2, ALC_TAT.1, ALC_TAT.2, ALC_TAT.3",,
Enhancement,SA-11-1,"개발 프로세스, 표준 및 도구 | 품질 지표",SA-15(1),SA-15(1),,,
Enhancement,SA-11-2,"개발 프로세스, 표준 및 도구 | 보안 추적 도구",SA-15(2),SA-15(2),,,
Enhancement,SA-11-3,"개발 프로세스, 표준 및 도구 | 치명도(Criticality) 분석",SA-15(3),SA-15(3),,,
Enhancement,SA-11-4,"개발 프로세스, 표준 및 도구 | 공격 표면 감소",SA-15(5),SA-15(5),,,
Enhancement,SA-11-5,"개발 프로세스, 표준 및 도구 | 지속적 개선",SA-15(6),SA-15(6),,,
Enhancement,SA-11-6,"개발 프로세스, 표준 및 도구 | 취약점 분석 자동화",SA-15(7),SA-15(7),,,
Enhancement,SA-11-7,"개발 프로세스, 표준 및 도구 | 위협/취약점 정보 재사용",SA-15(8),SA-15(8),,,
Enhancement,SA-11-8,"개발 프로세스, 표준 및 도구 | 실제 데이터 사용",SA-15(9),SA-3(2),,,
Enhancement,SA-11-9,"개발 프로세스, 표준 및 도구 | 사고대응 계획",SA-15(10),SA-15(10),,,
Enhancement,SA-11-1,"개발 프로세스, 표준 및 도구 | 시스템/구성요소 보관",SA-15(11),SA-15(11),,,
Security Control,SA-12,개발자(업체)에 의한 교육,SA-16,SA-16,,,
Security Control,SA-13,개발자(업체)의 보안 아키텍처와 설계,SA-17,SA-17,"ASE_TSS.2, ADV_ARC.1, ADV_TDS.1, ADV_TDS.2, ADV_TDS.3, ADV_TDS.4, ADV_TDS.5, ADV_TDS.6, ACO_COR.1, ACO_DEV.1, ACO_DEV.2, ACO_DEV.3, ACO_REL.1, ACO_REL.2",,
Enhancement,SA-13-1,개발자(업체)의 보안 아키텍처와 설계 | 정형화된 정책 모델,SA-17(1),SA-17(1),ADV_SPM.1,,
Enhancement,SA-13-2,개발자(업체)의 보안 아키텍처와 설계 | 보안 관련 구성요소,SA-17(2),SA-17(2),"ADV_TDS.4, ADV_TDS.5, ADV_TDS.6",,
Enhancement,SA-13-3,개발자(업체)의 보안 아키텍처와 설계 | 정형 대응(correspondence),SA-17(3),SA-17(3),"ADV_FSP.6, ADV_IMP.2, ADV_SPM.1, ADV_TDS.6",,
Enhancement,SA-13-4,개발자(업체)의 보안 아키텍처와 설계 | 비정형 대응(correspondence),SA-17(4),SA-17(4),"ADV_FSP.2, ADV_FSP.3, ADV_FSP.4, ADV_FSP.5, ADV_FSP.6, ADV_TDS.4, ADV_TDS.5, ADV_TDS.6",,
Enhancement,SA-13-5,개발자(업체)의 보안 아키텍처와 설계 | 개념적으로 단순한 설계,SA-17(5),SA-17(5),ADV_INT.3,,
Enhancement,SA-13-6,개발자(업체)의 보안 아키텍처와 설계 | 개념적으로 단순한 설계,SA-17(6),SA-17(6),,,
Enhancement,SA-13-7,개발자(업체)의 보안 아키텍처와 설계 | 최소 권한을 위한 구조,SA-17(7),SA-17(7),,,
Security Control,SA-14,핵심 구성요소의 재개발/맞춤형 개발,SA-20,SA-20,,,
Security Control,SA-15,개발자 신원조사,SA-21,SA-21,,,
Security Control,SA-16,지원 중단된 시스템 구성요소,SA-22,SA-22,,,03.16.02
Security Control,SC-1,기능 분리,SC-2,SC-2,,,
Enhancement,SC-1-1,기능 분리 | 일반 사용자용 인터페이스,SC-2(1),SC-2(1),,,
Security Control,SC-2,보안기능 분리,SC-3,SC-3,ADV_ARC.1,,
Enhancement,SC-2-1,보안기능 분리 | 하드웨어 분리,SC-3(1),SC-3(1),ADV_ARC.1,,
Enhancement,SC-2-2,보안기능 분리 | 접근/흐름 통제 기능,SC-3(2),SC-3(2),,,
Enhancement,SC-2-3,보안기능 분리 | 비보안기능 최소화,SC-3(3),SC-3(3),"ADV_ARC.1, ADV_INT.1, ADV_INT.2, ADV_INT.3",,
Enhancement,SC-2-4,보안기능 분리 | 모듈 결합도 및 응집도,SC-3(4),SC-3(4),"ADV_INT.1, ADV_INT.2, ADV_INT.3",,
Enhancement,SC-2-5,보안기능 분리 | 계층 구조,SC-3(5),SC-3(5),"ADV_INT.1, ADV_INT.2, ADV_INT.3",,
Security Control,SC-3,시스템 분할(시스템 구성요소 분리),SC-7(21),SC-32,,,
Security Control,SC-4,프로세스 분리(Process Isolation),SC-39,SC-39,,,
Enhancement,SC-4-1,프로세스 분리 | 하드웨어 분리,SC-39(1),SC-39(1),,,
Enhancement,SC-4-2,프로세스 분리 | 쓰레드 분리,SC-39(2),SC-39(2),,,
Security Control,SC-5,공유 시스템 자원 내 정보,SC-4,SC-4,"FDP_RIP.1, FDP_RIP.2",,03.13.04
Enhancement,SC-5-1,공유 시스템 자원 내 정보 | 보안등급 변경시 처리(Periods Processing),SC-4(2),SC-4(2),,,
Security Control,SC-6,서비스 거부 보호(DoS로부터 보호),SC-5,SC-5,"FDP_ITT.1, FDP_ITT.2, FPT_ITA.1",,
Enhancement,SC-6-1,서비스 거부 보호 | 내부 사용자 행위 제한,SC-5(1),SC-5(1),,,
Enhancement,SC-6-2,"서비스 거부 보호 | 초과 용량, 대역폭, 이중화 관리",SC-5(2),SC-5(2),FPT_ITA.1,,
Enhancement,SC-6-3,서비스 거부 보호 | 탐지/모니터링,SC-5(3),SC-5(3),FPT_ITA.1,,
Security Control,SC-7,자원 가용성,SC-6,SC-6,"FRU_PRS.1, FRU_PRS.2, FRU_RSA.1, FRU_RSA.2",,
Security Control,SC-8,경계 보호,SC-7,SC-7,FDP_IFF.1,,"03.13.01, 03.13.06"
Enhancement,SC-8-1,경계 보호 | 외부 연결 접점 제한,SC-7(3),SC-7(3),,,
Enhancement,SC-8-2,경계 보호 | 외부 통신 서비스,SC-7(4),SC-7(4),,,
Enhancement,SC-8-3,경계 보호 | 기본 거부/예외적 허용,SC-7(5),SC-7(5),,,03.13.06
Enhancement,SC-8-4,경계 보호 | 분할 터널링 방지,SC-7(7),SC-7(7),,,
Enhancement,SC-8-5,경계 보호 | 인증된 프록시 서버로 라우팅,SC-7(8),SC-7(8),,,
Enhancement,SC-8-6,경계 보호 | 위협적인 발신 트래픽 제한,SC-7(9),SC-7(9),,,
Enhancement,SC-8-7,경계 보호 | 정보 유출 방지,SC-7(10),SC-7(10),,,
Enhancement,SC-8-8,경계 보호 | 유입 통신 트래픽 제한,SC-7(11),SC-7(11),,,
Enhancement,SC-8-9,경계 보호 | 호스트 기반 경계보호,SC-7(12),SC-7(12),,,
Enhancement,SC-8-10,경계 보호 | 보안 구성요소 분리,SC-7(13),SC-7(13),,,
Enhancement,SC-8-11,경계 보호 | 승인되지 않은 물리적 연결 방지,SC-7(14),SC-7(14),,,
Enhancement,SC-8-12,경계 보호 | 특별권한 접근,SC-7(15),SC-7(15),,,
Enhancement,SC-8-13,경계 보호 | 관리 인터페이스 구성요소 탐색 방지,SC-7(16),SC-7(16),,,
Enhancement,SC-8-14,경계 보호 | 프로토콜 형식 자동 준수,SC-7(17),SC-7(17),,,
Enhancement,SC-8-15,경계 보호 | 프로토콜 검증 실패시 피드백 비활성화,SC-7(23),SC-7(23),,,
Enhancement,SC-8-16,경계 보호 | 경계보호 기기 장애(Fail Secure),SC-7(18),SC-7(18),FPT_FLS.1,,
Enhancement,SC-8-17,경계 보호 | 조직과 관련 없는 통신 차단,SC-7(19),SC-7(19),,,
Enhancement,SC-8-18,경계 보호 | 동적 격리/분리,SC-7(20),SC-7(20),,,
Enhancement,SC-8-19,경계 보호 | 임무별 시스템 구성요소 분리,SC-7(21),SC-7(21),,,
Enhancement,SC-8-20,경계 보호 | 보안 도메인별 연결 네트워크 분리,SC-7(22),SC-7(22),,,
Security Control,SC-9,전송 정보의 기밀성 및 무결성,SC-8,SC-8,"FDP_ITT.1, FDP_ITT.2, FDP_UCT.1, FDP_UIT.1, FPT_ITC.1, FPT_ITI.1, FPT_ITI.2, FPT_ITT.1, FPT_ITT.2, FTP_ITC.1",,03.13.08
Enhancement,SC-9-1,전송 정보의 기밀성 및 무결성 | 암호 보호,SC-8(1),SC-8(1),"FDP_ITT.1, FDP_ITT.2, FDP_ITT.3, FDP_ITT.4, FDP_UCT.1, FDP_UIT.1, FPT_ITC.1, FPT_ITI.1, FPT_ITI.2, FPT_ITT.1, FPT_ITT.2, FTP_ITC.1",Implement cryptographic mechanisms to [Selection (one or more): prevent unauthorized disclosure of information; detect changes to information] during transmission.,03.13.08
Enhancement,SC-9-2,전송 정보의 기밀성 및 무결성 | 전송 전/후 처리,SC-8(2),SC-8(2),,,
Enhancement,SC-9-3,전송 정보의 기밀성 및 무결성 | 메시지 외부 보호,SC-8(3),SC-8(3),,Implement cryptographic mechanisms to protect message externals unless otherwise protected by [Assignment: organization-defined alternative physical controls].,
Enhancement,SC-9-4,전송 정보의 기밀성 및 무결성 | 통신 패턴 숨김/무작위화,SC-8(4),SC-8(4),,,
Security Control,SC-10,저장된 정보의 보호(Protection of Information at Rest),SC-28,SC-28,,,"03.08.05, 03.13.08"
Enhancement,SC-10-1,저장된 정보의 보호 | 암호 보호,SC-28(1),SC-28(1),,,03.13.08
Enhancement,SC-10-2,저장된 정보의 보호 | 오프라인 보관,SC-28(2),SC-28(2),,,
Security Control,SC-11,네트워크 연결 해제,SC-10,SC-10,FTA_SSL.3,,03.13.09
Security Control,SC-12,신뢰 경로,SC-11,SC-11,FTP_TRP.1,,
Enhancement,SC-12-1,신뢰 경로 | 논리적 분리,SC-11(1),SC-11(1),,,
Security Control,SC-13,협업 컴퓨팅 장치,SC-15,SC-15,,,03.13.12
Enhancement,SC-13-1,협업 컴퓨팅 장치 | 물리적 연결 해제,SC-15(1),SC-15(1),,,
Enhancement,SC-13-2,협업 컴퓨팅 장치 | 협업 컴퓨팅 장치 사용 금지구역,SC-15(3),SC-15(3),,,
Enhancement,SC-13-3,협업 컴퓨팅 장치 | 참석자 표시,SC-15(4),SC-15(4),,,
Security Control,SC-14,보안속성의 전송,SC-16,SC-16,"FDP_ETC.2, FDP_ITC.2",,
Enhancement,SC-14-1,보안속성의 전송 | 무결성 검증,SC-16(1),SC-16(1),,,
Security Control,SC-15,모바일 코드,SC-18,SC-18,,,03.13.13
Enhancement,SC-15-1,모바일 코드 | 허용할 수 없는 코드 식별/교정 조치,SC-18(1),SC-18(1),,,
Enhancement,SC-15-2,모바일 코드 | 획득/개발/사용,SC-18(2),SC-18(2),,,
Enhancement,SC-15-3,모바일 코드 | 다운로드/실행 방지,SC-18(3),SC-18(3),,,
Enhancement,SC-15-4,모바일 코드 | 자동 실행 방지,SC-18(4),SC-18(4),,,
Enhancement,SC-15-5,모바일 코드 | 제한된 환경에서만 실행 허용,SC-18(5),SC-18(5),,,
Security Control,SC-16,VoIP,SC-19,SC-19,,,
Security Control,SC-17,안전한 이름/주소 결정 서비스(권한 서버(Authoritative Source)),SC-20,SC-20,,,
Enhancement,SC-17-1,안전한 이름/주소 결정 서비스 | 내부 서비스시 처리,SC-20(2),SC-20(2),,,
Security Control,SC-18,안전한 이름/주소 결정 서비스 (재귀 또는 캐싱 리졸버 (Recursive of Caching Resolver)),SC-21,SC-21,,,
Security Control,SC-19,이름/주소 결정 서비스를 위한 아키텍처 및 프로비저닝,SC-22,SC-22,,,
Security Control,SC-20,세션 인증성,SC-23,SC-23,FPT_RPL.1,,03.13.15
Enhancement,SC-20-1,세션 인증성 | 로그아웃 시 세션식별자 무효화,SC-23(1),SC-23(1),,,
Enhancement,SC-20-2,세션 인증성 | 무작위 값을 갖는 고유 세션 식별자,SC-23(3),SC-23(3),,,
Enhancement,SC-20-3,세션 인증성 | 허용된 인증기관,SC-23(5),SC-23(5),,,
Security Control,SC-21,알려진 상태(Known-state)로 장애,SC-24,SC-24,"FPT_FLS.1, FPT_RCV.4, FRU_FLT.1, FRU_FLT.2",,
Security Control,SC-22,허니팟(Honeypots),SC-26,SC-26,,,
Security Control,SC-23,허니클라이언트(Honeyclients),SC-35,SC-35,,,
Security Control,SC-24,폭발 챔버(Detonation Chambers),SC-44,SC-44,,,
Security Control,SC-25,여러 플랫폼을 지원하는 응용프로그램,SC-27,SC-27,,,
Security Control,SC-26,수정 불가능한 실행프로그램,SC-34,SC-34,,,
Enhancement,SC-26-1,수정 불가능한 실행프로그램 | 쓰기 가능한 저장소 금지,SC-34(1),SC-34(1),,,
Enhancement,SC-26-2,수정 불가능한 실행프로그램 | 읽기전용 매체에서의 무결성 보호,SC-34(2),SC-34(2),,,
Enhancement,SC-26-3,수정 불가능한 실행프로그램 | 하드웨어 기반 보호,SC-34(3),SC-51,,,
Security Control,SC-27,정보기술의 다양성,SC-29,SC-29,,,
Enhancement,SC-27-1,정보기술의 다양성 | 가상화,SC-29(1),SC-29(1),,,
Security Control,SC-28,은폐 및 기만,SC-30,SC-30,,,
Enhancement,SC-28-1,은폐 및 기만 | 무작위성(Randomness),SC-30(2),SC-30(2),,,
Enhancement,SC-28-2,은폐 및 기만 | 처리/저장 위치 변경,SC-30(3),SC-30(3),,,
Enhancement,SC-28-3,은폐 및 기만 | 기만시키는 정보,SC-30(4),SC-30(4),,,
Enhancement,SC-28-4,은폐 및 기만 | 시스템 구성요소 은닉,SC-30(5),SC-30(5),,,
Security Control,SC-29,은닉 채널 분석,SC-31,SC-31,"FDP_IFF.3, FDP_IFF.4, FDP_IFF.5, FDP_IFF.6",,
Enhancement,SC-29-1,은닉 채널 분석 | 악용 가능성 테스트,SC-31(1),SC-31(1),,,
Enhancement,SC-29-2,은닉 채널 분석 | 최대 대역폭,SC-31(2),SC-31(2),"FDP_IFF.3, FDP_IFF.4, FDP_IFF.5",,
Enhancement,SC-29-3,은닉 채널 분석 | 운영 환경 내 대역폭 측정,SC-31(3),SC-31(3),,,
Security Control,SC-30,씬 노드(Thin Nodes),SC-25,SC-25,,,
Security Control,SC-31,무선 링크 보호(Wireless Link Protection),SC-40,SC-40,,,
Enhancement,SC-31-1,무선 링크 보호 | 전자기 간섭(Electromagnetic Interference) 대응,SC-40(1),SC-40(1),,,
Enhancement,SC-31-2,무선 링크 보호 | 탐지 가능성 최소화,SC-40(2),SC-40(2),,,
Enhancement,SC-31-3,무선 링크 보호 | 모방 및 기만 통신,SC-40(3),SC-40(3),,,
Enhancement,SC-31-4,무선 링크 보호 | 무선 송신기의 통신제원 식별 방지,SC-40(4),SC-40(4),,,
Security Control,SC-32,연결포트 및 입ㆍ출력장치 통제,SC-41,SC-41,ADV_ARC.1,,
Security Control,SC-33,센서 통제,SC-42,SC-42,,,
Enhancement,SC-33-1,센서 통제 | 인가된 인원 또는 직책,SC-42(1),SC-42(1),,,
Enhancement,SC-33-2,센서 통제 | 인가된 목적으로만 사용,SC-42(2),SC-42(2),,,
Enhancement,SC-33-3,센서 통제 | 장치 사용 금지,SC-42(3),SC-42,,,
Security Control,SC-34,분산 처리 및 저장,SC-36,SC-36,,,
Enhancement,SC-34-1,분산 처리 및 저장 | 폴링 기법,SC-36(1),SC-36(1),,,
Security Control,SC-35,다른 통신경로(Out-of-Band Channels),SC-37,SC-37,,,
Enhancement,SC-35-1,다른 통신경로 | 전달/전송 보장,SC-37(1),SC-37(1),,,
Security Control,SC-36,운영 보안(Operations Security),SC-38,SC-38,,,
Security Control,SC-37,사용 제한(Usage Restrictions),SC-43,SC-43,,,
Security Control,SC-38,전자우편 보호,,SI-8,,,
Security Control,SI-1,결함 교정,SI-2,SI-2,"ALC_FLR.1, ALC_FLR.2, ALC_FLR.3",,03.14.01
Enhancement,SI-1-1,결함 교정 | 결함 교정 현황 자동화,SI-2(2),SI-2(2),,,
Enhancement,SI-1-2,결함 교정 | 중앙 관리,SI-2(1),PL-9,,,
Enhancement,SI-1-3,결함 교정 | 결함 교정 시기 및 척도,SI-2(3),SI-2(3),,,
Enhancement,SI-1-4,결함 교정 | 소프트웨어 및 펌웨어 업데이트 자동화,SI-2(5),SI-2(5),,,
Enhancement,SI-1-5,결함 교정 | 소프트웨어 및 펌웨어 이전 버전 제거,SI-2(6),SI-2(6),,,
Security Control,SI-2,악성코드 방지,SI-3,SI-3,"FAU_ARP.1, FAU_SAA.3, FAU_SAA.4",,03.14.02
Enhancement,SI-2-1,악성코드 방지 | 자동 업데이트,SI-3(2),SI-3,"FAU_ARP.1, FAU_SAA.3, FAU_SAA.4",,03.14.02
Enhancement,SI-2-2,악성코드 방지 | 중앙 관리,SI-3(1),PL-9,,,
Enhancement,SI-2-3,악성코드 방지 | 특별권한 사용자에 의한 업데이트,SI-3(4),SI-3(4),,,
Enhancement,SI-2-4,악성코드 방지 | 테스트 및 검증,SI-3(6),SI-3(6),,,
Enhancement,SI-2-5,악성코드 방지 | 시그니처 기반 이외의 메커니즘,SI-3(7),SI-3,"FAU_ARP.1, FAU_SAA.3, FAU_SAA.4",,03.14.02
Enhancement,SI-2-6,악성코드 방지 | 비인가 명령어 탐지,SI-3(8),SI-3(8),FAU_ARP.1,,
Enhancement,SI-2-7,악성코드 방지 | 원격 명령 인증,SI-3(9),AC-17(10),FPT_RPL.1,,
Enhancement,SI-2-8,악성코드 방지 | 악성코드 분석,SI-3(10),SI-3(10),,,
Security Control,SI-3,시스템 모니터링,SI-4,SI-4,"FAU_SAA.1, FAU_SAA.2, FAU_SAA.3, FAU_SAA.4",,03.14.06
Enhancement,SI-3-1,시스템 모니터링 | 시스템 전반의 침입탐지시스템,SI-4(1),SI-4(1),,,
Enhancement,SI-3-2,시스템 모니터링 | 실시간 분석 자동화 도구,SI-4(2),SI-4(2),,,
Enhancement,SI-3-3,시스템 모니터링 | 자동화 도구[메커니즘] 통합,SI-4(3),SI-4(3),,,
Enhancement,SI-3-4,시스템 모니터링 | 내외부 통신 트래픽,SI-4(4),SI-4(4),,,03.14.06
Enhancement,SI-3-5,시스템 모니터링 | 시스템 경보,SI-4(5),SI-4(5),FAU_ARP.1,,
Enhancement,SI-3-6,시스템 모니터링 | 의심스러운 이벤트에 자동화된 대응,SI-4(7),SI-4(7),FAU_ARP.1,,
Enhancement,SI-3-7,시스템 모니터링 | 모니터링 도구 테스트,SI-4(9),SI-4(9),,,
Enhancement,SI-3-8,시스템 모니터링 | 암호화된 통신 가시화,SI-4(10),SI-4(10),,,
Enhancement,SI-3-9,시스템 모니터링 | 비정상 통신 트래픽 분석,SI-4(11),SI-4(11),,,
Enhancement,SI-3-10,시스템 모니터링 | 트래픽/은닉(Covert) 유출 분석,SI-4(18),SI-4(18),FDP_IFF.6,,
Enhancement,SI-3-11,시스템 모니터링 | 자동 경보,SI-4(12),SI-4(12),,,
Enhancement,SI-3-12,시스템 모니터링 | 트래픽/이벤트 패턴 분석,SI-4(13),SI-4(13),,,
Enhancement,SI-3-13,시스템 모니터링 | 무선 침입탐지,SI-4(14),SI-4(14),,,
Enhancement,SI-3-14,시스템 모니터링 | 유무선 통신,SI-4(15),SI-4(15),,,
Enhancement,SI-3-15,시스템 모니터링 | 모니터링 정보 연계,SI-4(16),SI-4(16),,,
Enhancement,SI-3-16,시스템 모니터링 | 통합된 상황 인식,SI-4(17),SI-4(17),,,
Enhancement,SI-3-17,시스템 모니터링 | 위험 수준이 높은 인원,SI-4(19),SI-4(19),,,
Enhancement,SI-3-18,시스템 모니터링 | 특별권한 사용자,SI-4(20),SI-4(20),,,
Enhancement,SI-3-19,시스템 모니터링 | 수습 인원 관찰,SI-4(21),SI-4(21),,,
Enhancement,SI-3-20,시스템 모니터링 | 비인가 네트워크 서비스,SI-4(22),SI-4(22),FAU_ARP.1,,
Enhancement,SI-3-21,시스템 모니터링 | 호스트 기반 모니터링,SI-4(23),SI-4(23),,,
Enhancement,SI-3-22,시스템 모니터링 | 침해 지표,SI-4(24),SI-4(24),,,
Security Control,SI-4,"보안 경보, 권고, 지침",SI-5,SI-5,,,03.14.03
Enhancement,SI-4-1,"보안 경보, 권고, 지침 | 경보 및 권고 자동화",SI-5(1),SI-5(1),,,
Security Control,SI-5,보안기능 검증,SI-6,SI-6,"FPT_RCV.4, FPT_TEE.1, FPT_TST.1",,
Enhancement,SI-5-1,보안기능 검증 | 분산 보안기능 테스트 자동화,SI-6(2),SI-6(2),,,
Enhancement,SI-5-2,보안기능 검증 | 검증 결과 보고,,SI-6,"FPT_RCV.4, FPT_TEE.1, FPT_TST.1",,
Security Control,SI-6,"소프트웨어, 펌웨어, 정보의 무결성",SI-7,SI-7,"FDP_DAU.1, FDP_DAU.2, FDP_ITT.3, FDP_ITT.4, FDP_SDI.1, FDP_SDI.2, FDP_UIT.1, FPT_ITI.1, FPT_ITI.2, FPT_ITT.3, FPT_TRC.1, FPT_TST.1",,
Enhancement,SI-6-1,"소프트웨어, 펌웨어, 정보의 무결성 | 무결성 손상 알림 자동화",SI-7(2),SI-7(2),FAU_ARP.1,,
Enhancement,SI-6-2,"소프트웨어, 펌웨어, 정보의 무결성 | 무결성 손상 대응 자동화",SI-7(5),SI-7(5),"FAU_ARP.1, FDP_ITT.3, FDP_ITT.4, FDP_SDI.2, FPT_ITI.1, FPT_ITI.2, FPT_ITT.3",,
Enhancement,SI-6-3,"소프트웨어, 펌웨어, 정보의 무결성 | 무결성 도구 중앙 관리",SI-7(3),SI-7(3),,,
Enhancement,SI-6-4,"소프트웨어, 펌웨어, 정보의 무결성 | 무결성 검사",SI-7(1),SI-7(1),"FDP_DAU.1, FDP_DAU.2, FDP_ITT.3, FDP_ITT.4, FDP_SDI.1, FDP_SDI.2, FPT_ITI.1, FPT_ITI.2, FPT_ITT.3",,
Enhancement,SI-6-5,"소프트웨어, 펌웨어, 정보의 무결성 | 암호기술 사용",SI-7(6),SI-7(6),"FDP_DAU.1, FDP_DAU.2, FDP_UIT.1, FPT_ITI.1, FPT_ITI.2, FPT_ITT.3","Implement cryptographic mechanisms to detect unauthorized changes to software, firmware, and information.",
Enhancement,SI-6-6,"소프트웨어, 펌웨어, 정보의 무결성 | 탐지 및 대응 통합",SI-7(7),SI-7(7),,,
Enhancement,SI-6-7,"소프트웨어, 펌웨어, 정보의 무결성 | 중요 이벤트 대비 감사 역량",SI-7(8),SI-7(8),FAU_ARP.1,,
Enhancement,SI-6-8,"소프트웨어, 펌웨어, 정보의 무결성 | 부팅 절차 검증",SI-7(9),SI-7(9),,,
Enhancement,SI-6-9,"소프트웨어, 펌웨어, 정보의 무결성 | 부트 펌웨어 보호",SI-7(10),SI-7(10),,,
Enhancement,SI-6-10,"소프트웨어, 펌웨어, 정보의 무결성 | 무결성 검증",SI-7(12),SI-7(12),,,
Enhancement,SI-6-11,"소프트웨어, 펌웨어, 정보의 무결성 | 보호된 환경에서 코드 실행",,CM-7(7),,,
Enhancement,SI-6-12,"소프트웨어, 펌웨어, 정보의 무결성 | 이진 또는 기계실행 코드",,CM-7(8),,,
Enhancement,SI-6-13,"소프트웨어, 펌웨어, 정보의 무결성 | 코드 인증",SI-7(15),SI-7(15),,,
Enhancement,SI-6-14,"소프트웨어, 펌웨어, 정보의 무결성 | 지정 실행시간 초과 프로세스 제한",SI-7(16),SI-7(16),"FRU_FLT.1, FRU_FLT.2",,
Enhancement,SI-6-15,"소프트웨어, 펌웨어, 정보의 무결성 | 소스프로그램과 실행파일 분리 보관",SI-7(13),CM-7(7) b,,,
Security Control,SI-7,스팸 방지,SI-8,SI-8,,,
Enhancement,SI-7-1,스팸 방지 | 자동 업데이트,SI-8(2),SI-8(2),,,
Enhancement,SI-7-2,스팸 방지 | 중앙 관리,SI-8(1),PL-9,,,
Enhancement,SI-7-3,스팸 방지 | 지속적인 학습 능력,SI-8(3),SI-8(3),,,
Security Control,SI-8,입력 값 유효성 확인,SI-10,SI-10,"FDP_DAU.1, FDP_DAU.2, FMT_MSA.2, FMT_MTD.3",,
Enhancement,SI-8-1,입력 값 유효성 확인 | 수동 재정의 역량,SI-10(1),SI-10(1),,,
Enhancement,SI-8-2,입력 값 유효성 확인 | 오류 검토/해결,SI-10(2),SI-10(2),,,
Enhancement,SI-8-3,입력 값 유효성 확인 | 예상 가능한 동작,SI-10(3),SI-10(3),FPT_RCV.4,,
Enhancement,SI-8-4,입력 값 유효성 확인 | 타이밍 상호작용,SI-10(4),SI-10(4),,,
Enhancement,SI-8-5,입력 값 유효성 확인 | 입력 제한,SI-10(5),SI-10(5),,,
Security Control,SI-9,오류 처리,SI-11,SI-11,,,
Security Control,SI-10,정보 관리 및 보존,SI-12,SI-12,,,03.14.08
Enhancement,SI-10-1,정보 관리 및 보존 | 임시저장 정보 삭제,,SI-12(3),,,
Security Control,SI-11,예상 가능한 고장 방지,SI-13,SI-13,"FRU_FLT.1, FRU_FLT.2",,
Enhancement,SI-11-1,예상 가능한 고장 방지 | 구성요소 전환,SI-13(1),SI-13(1),"FRU_FLT.1, FRU_FLT.2",,
Enhancement,SI-11-2,예상 가능한 고장 방지 | 구성요소 수동 전환,SI-13(3),SI-13(3),"FRU_FLT.1, FRU_FLT.2",,
Enhancement,SI-11-3,예상 가능한 고장 방지 | 대기 구성요소 설치 알림,SI-13(4),SI-13(4),"FRU_FLT.1, FRU_FLT.2",,
Enhancement,SI-11-4,예상 가능한 고장 방지 | 장애극복(failover) 역량,SI-13(5),SI-13(5),"FRU_FLT.1, FRU_FLT.2",,
Security Control,SI-12,비(非)지속성,SI-14,SI-14,,,
Enhancement,SI-12-1,비(非)지속성 | 신뢰할 수 있는 출처에서 재활성화,SI-14(1),SI-14(1),,,
Security Control,SI-13,출력 정보 필터링,SI-15,SI-15,,,
Security Control,SI-14,메모리 보호,SI-16,SI-16,,,
Security Control,SI-15,페일세이프(failsafe) 절차,SI-17,SI-17,,,
Security Control,SM-1,공급망 보호,SA-12,"SR-1, SR-2, SR-2(1), SR-3, SR-3(1), SR-3(2), SR-3(3), SR-4, SR-4(1), SR-4(2), SR-4(3), SR-4(4), SR-5, SR-5(1), SR-5(2), SR-6, SR-6(1), SR-7, SR-8, SR-9, SR-9(1), SR-10, SR-11, SR-11(1), SR-11(2), SR-11(3), SR-12","ALC_DVS.1, ALC_DVS.2, FPT_PHP.1, FPT_PHP.2, FPT_PHP.3, ADV_ARC.1, ALC_DEL.1",,"03.11.01, 03.15.01, 03.17.01, 03.17.02, 03.17.03"
Enhancement,SM-1-1,공급망 보호 | 획득 전략/도구/방법,SA-12(1),SR-5,,,03.17.02
Enhancement,SM-1-2,공급망 보호 | 공급업체 심사,SA-12(2),SR-6,"ALC_DVS.1, ALC_DVS.2",,03.11.01
Enhancement,SM-1-3,공급망 보호 | 피해의 제한,SA-12(5),SR-3(2),,,
Enhancement,SM-1-4,공급망 보호 | 선정/인수/업데이트 전 평가,SA-12(7),SR-5(2),,,
Enhancement,SM-1-5,공급망 보호 | 모든 출처 정보 (all-source intelligence)의 사용,SA-12(8),RA-3(2),,,
Enhancement,SM-1-6,공급망 보호 | 운영 보안,SA-12(9),SR-7,,,
Enhancement,SM-1-7,공급망 보호 | 정품 및 위·변조 여부 검증,SA-12(10),SR-4(3),,,
Enhancement,SM-1-8,"공급망 보호 | 공급망 요소, 프로세스, 관련 인원에 대한 침투 테스트/분석",SA-12(11),SR-6(1),"ALC_DVS.1, ALC_DVS.2",,
Enhancement,SM-1-9,공급망 보호 | 내부 조직간의 협약,SA-12(12),SR-8,,,
Enhancement,SM-1-10,공급망 보호 | 핵심 구성요소,SA-12(13),"MA-6, RA-9",,,
Enhancement,SM-1-11,공급망 보호 | 식별 및 추적,SA-12(14),"SR-4(1), SR-4(2)",,,
Enhancement,SM-1-12,공급망 보호 | 약점 또는 결함을 처리하는 프로세스,SA-12(15),SR-3,,,03.17.03
Security Control,SM-2,변조 방지와 탐지,SA-18,SR-9,,,
Enhancement,SM-2-1,변조 방지와 탐지 | 시스템개발 수명주기 단계별 변조 방지,SA-18(1),SR-9(1),,,
Enhancement,SM-2-2,"변조 방지와 탐지 | 시스템, 구성요소 또는 장비의 점검",SA-18(2),SR-10,,,
Security Control,SM-3,구성요소 위조 방지,SA-19,SR-11,ALC_DEL.1,,
Enhancement,SM-3-1,구성요소 위조 방지 | 위조 방지 교육훈련,SA-19(1),SR-11(1),,,
Enhancement,SM-3-2,구성요소 위조 방지 | 구성요소 서비스 및 수리 간 형상 통제,SA-19(2),SR-11(2),,,
Enhancement,SM-3-3,구성요소 위조 방지 | 구성요소 폐기,SA-19(3),SR-12,,,
Enhancement,SM-3-4,구성요소 위조 방지 | 위조 방지 검사,SA-19(4),SR-11(3),,,
